id,TRIAL,Trial_env,ENV,Trial_env,REP,GEN,sve,Above_median_BLUP,Company,PLOT.WT,COB,MOIST,Yield,TEMP_v3,RH_v3,VPD_v3,TEMP_veg,RH_veg,VPD_veg,TEMP_flow,RH_flow,VPD_flow,TEMP_gf,RH_gf,VPD_gf
1,LT,1,ADANA2015,,1,ALBAYRAK,LTADANA2015ALBAYRAK1,AM,0,12.7,16.7,15.8,14.7966814,22.5,64.8,953.8388868,25,69.6,956.9160889,28.4,69.8,1160.224222,30,63.4,1541.627307
2,LT,1,ADANA2016,,1,ALBAYRAK,LTADANA2016ALBAYRAK1,AM,0,14.266,15,17.5,16.61799419,21.6,69.3,787.6619206,27.1,66.1,1207.562683,29.5,67.5,1330.284186,29.9,69,1298.303609
3,LT,1,ADANA2017,,1,ALBAYRAK,LTADANA2017ALBAYRAK1,AM,OS-TAREKS,14.88,12,16.1,18.24950432,21.8,68.8,810.2961797,26.2,69.1,1044.129697,30.4,64.4,1534.139224,29.9,67.5,1361.124752
4,LT,1,ADANA2018,,1,ALBAYRAK,LTADANA2018ALBAYRAK1,AM,0,15.87,12,18.4,18.93011561,24.4,62.8,1129.899614,26.4,70.2,1018.867484,29.1,69.8,1208.049497,29.6,68.8,1284.419303
5,LT,1,ADANA2019,,1,ALBAYRAK,LTADANA2019ALBAYRAK1,AM,OS-TAREKS,8.15,16,12.6,9.939209302,24.1,57.6,1264.982487,27.1,68.7,1114.947256,28.4,68.8,1198.642242,29.6,68,1317.353131
6,LT,1,AYVALIK2015,,1,ALBAYRAK,LTAYVALIK2015ALBAYRAK1,AM,0,18.1,15.2,19.3,20.57555083,21,57.8,1043.762803,23.7,58.8,1200.099198,27.3,50.2,1794.775957,28.4,53.7,1778.754353
7,LT,1,AYVALIK2017,,1,ALBAYRAK,LTAYVALIK2017ALBAYRAK1,AM,OS-TAREKS,17.85,13,20.8,20.43083721,20.4,59.4,967.8977476,25.1,58.5,1314.090861,27.7,49.7,1855.529395,28,49.9,1880.645094
8,LT,1,AYVALIK2018,,1,ALBAYRAK,LTAYVALIK2018ALBAYRAK1,AM,0,16.1,14.8,23,17.54525581,22.5,59,1111.005522,25.2,58.2,1331.461611,28.2,56.9,1636.752826,28.5,53.2,1808.392047
9,LT,2,AYVALIK2019,,1,ALBAYRAK,LTAYVALIK2019ALBAYRAK1,AM,OS-TAREKS,13.6,15.1,25.3,14.32750963,20.1,65.4,809.7645226,26.4,56.9,1473.596931,26.6,52.4,1646.6684,28.1,48.4,1948.220556
10,LT,2,MANISA2015,,1,ALBAYRAK,LTMANISA2015ALBAYRAK1,AM,0,15.2,13.1,17.2,18.16758538,21.6,51.7,1239.220546,23.7,58.4,1211.750646,28.8,42.8,2248.882322,28.6,49.8,1951.013707
11,LT,2,MANISA2016,,1,ALBAYRAK,LTMANISA2016ALBAYRAK1,AM,0,14,6.7,12.8,18.92037209,19.7,58,958.9777322,26.9,47.6,1844.857003,29,42.8,2274.957698,28.8,49.1,2001.190738
12,LT,2,MANISA2017,,1,ALBAYRAK,LTMANISA2017ALBAYRAK1,AM,OS-TAREKS,13,9.4,10.8,17.45178738,20.8,54.1,1121.454446,25.7,52.3,1565.008969,28.9,43.2,2246.069921,28.5,47.2,2040.237181
13,LT,2,MANISA2018,,1,ALBAYRAK,LTMANISA2018ALBAYRAK1,AM,0,11.6,11.8,18.3,13.8852,22.9,54.7,1257.549619,25.3,54.8,1448.317966,28.5,49.2,1962.95547,29,49.5,2008.48538
14,LT,2,MANISA2019,,1,ALBAYRAK,LTMANISA2019ALBAYRAK1,AM,OS-TAREKS,16.6,10.4,18.3,20.1856,21.4,51.9,1219.131868,26.7,51.7,1680.708219,27.7,45.9,1995.708554,29.1,43.6,2256.092437
15,LT,2,MERSIN2015,,1,ALBAYRAK,LTMERSIN2015ALBAYRAK1,AM,0,12.4,11.8,16.9,15.09714419,22.7,62.2,1036.753392,25.4,66.6,1076.572083,28.6,67.7,1255.333521,30.3,60.8,1679.672048
16,LT,2,MERSIN2016,,1,ALBAYRAK,LTMERSIN2016ALBAYRAK1,AM,0,15.29,13,16.9,18.36247724,21.7,65.5,890.5646411,26.8,65.5,1207.559008,29.6,65.6,1416.154616,30,64.4,1499.506342
17,LT,3,MERSIN2019,,1,ALBAYRAK,LTMERSIN2019ALBAYRAK1,AM,OS-TAREKS,12.65,10,18,15.50780731,23.3,59.9,1140.338467,27,66.7,1179.277179,28.9,62.6,1478.926321,30,61.7,1613.232947
18,LT,3,SAKARYA2019,,1,ALBAYRAK,LTSAKARYA2019ALBAYRAK1,AM,OS-TAREKS,7.38,0,19.3,9.893122924,20,62.5,872.2403524,23.7,68.7,911.725847,23.5,67,949.7790587,23.9,69.1,910.9231481
19,LT,3,ADANA2015,,1,DKC6589,LTADANA2015DKC65891,BM,DEKALB,15.4,14.6,16.1,18.32922326,22.5,64.8,953.8388868,25,69.6,956.9160889,28.4,69.8,1160.224222,30,63.4,1541.627307
20,LT,3,ADANA2016,,1,DKC6589,LTADANA2016DKC65891,BM,DEKALB,12.856,12,14.7,16.0302788,21.6,69.3,787.6619206,27.1,66.1,1207.562683,29.5,67.5,1330.284186,29.9,69,1298.303609
21,LT,3,ADANA2017,,1,DKC6589,LTADANA2017DKC65891,BM,DEKALB,12.53,13,15.5,15.30137791,21.8,68.8,810.2961797,26.2,69.1,1044.129697,30.4,64.4,1534.139224,29.9,67.5,1361.124752
22,LT,3,ADANA2018,,1,DKC6589,LTADANA2018DKC65891,NA,NA,NA,NA,NA,NA,24.4,62.8,1129.899614,26.4,70.2,1018.867484,29.1,69.8,1208.049497,29.6,68.8,1284.419303
23,LT,3,ADANA2019,,1,DKC6589,LTADANA2019DKC65891,NA,NA,NA,NA,NA,NA,24.1,57.6,1264.982487,27.1,68.7,1114.947256,28.4,68.8,1198.642242,29.6,68,1317.353131
24,LT,3,AYVALIK2015,,1,DKC6589,LTAYVALIK2015DKC65891,BM,DEKALB,15.05,14.1,20.4,17.0941,21,57.8,1043.762803,23.7,58.8,1200.099198,27.3,50.2,1794.775957,28.4,53.7,1778.754353
25,LT,4,AYVALIK2017,,1,DKC6589,LTAYVALIK2017DKC65891,BM,DEKALB,13.45,13.1,17.9,15.94001503,20.4,59.4,967.8977476,25.1,58.5,1314.090861,27.7,49.7,1855.529395,28,49.9,1880.645094
26,LT,4,AYVALIK2018,,1,DKC6589,LTAYVALIK2018DKC65891,NA,NA,NA,NA,NA,NA,22.5,59,1111.005522,25.2,58.2,1331.461611,28.2,56.9,1636.752826,28.5,53.2,1808.392047
27,LT,4,AYVALIK2019,,1,DKC6589,LTAYVALIK2019DKC65891,NA,NA,NA,NA,NA,NA,20.1,65.4,809.7645226,26.4,56.9,1473.596931,26.6,52.4,1646.6684,28.1,48.4,1948.220556
28,LT,4,MANISA2015,,1,DKC6589,LTMANISA2015DKC65891,BM,DEKALB,15.4,12.8,18.3,18.2248,21.6,51.7,1239.220546,23.7,58.4,1211.750646,28.8,42.8,2248.882322,28.6,49.8,1951.013707
29,LT,4,MANISA2016,,1,DKC6589,LTMANISA2016DKC65891,BM,DEKALB,13.1,9.7,12.6,17.1741,19.7,58,958.9777322,26.9,47.6,1844.857003,29,42.8,2274.957698,28.8,49.1,2001.190738
30,LT,4,MANISA2017,,1,DKC6589,LTMANISA2017DKC65891,BM,DEKALB,13.6,9.3,11.9,18.05201196,20.8,54.1,1121.454446,25.7,52.3,1565.008969,28.9,43.2,2246.069921,28.5,47.2,2040.237181
31,LT,4,MANISA2018,,1,DKC6589,LTMANISA2018DKC65891,NA,NA,NA,NA,NA,NA,22.9,54.7,1257.549619,25.3,54.8,1448.317966,28.5,49.2,1962.95547,29,49.5,2008.48538
32,LT,4,MANISA2019,,1,DKC6589,LTMANISA2019DKC65891,NA,NA,NA,NA,NA,NA,21.4,51.9,1219.131868,26.7,51.7,1680.708219,27.7,45.9,1995.708554,29.1,43.6,2256.092437
33,LT,1,MERSIN2015,,1,DKC6589,LTMERSIN2015DKC65891,BM,DEKALB,13.2,12.2,18.2,15.74799468,22.7,62.2,1036.753392,25.4,66.6,1076.572083,28.6,67.7,1255.333521,30.3,60.8,1679.672048
34,LT,1,MERSIN2016,,1,DKC6589,LTMERSIN2016DKC65891,BM,DEKALB,11.16,13,15.7,13.59610565,21.7,65.5,890.5646411,26.8,65.5,1207.559008,29.6,65.6,1416.154616,30,64.4,1499.506342
35,LT,1,MERSIN2019,,1,DKC6589,LTMERSIN2019DKC65891,NA,NA,NA,NA,NA,NA,23.3,59.9,1140.338467,27,66.7,1179.277179,28.9,62.6,1478.926321,30,61.7,1613.232947
36,LT,1,SAKARYA2019,,1,DKC6589,LTSAKARYA2019DKC65891,NA,NA,NA,NA,NA,NA,20,62.5,872.2403524,23.7,68.7,911.725847,23.5,67,949.7790587,23.9,69.1,910.9231481
37,LT,1,ADANA2015,,1,H22,LTADANA2015H221,NA,NA,NA,NA,NA,NA,22.5,64.8,953.8388868,25,69.6,956.9160889,28.4,69.8,1160.224222,30,63.4,1541.627307
38,LT,1,ADANA2016,,1,H22,LTADANA2016H221,AM,0,14.569,10,11.8,19.21075116,21.6,69.3,787.6619206,27.1,66.1,1207.562683,29.5,67.5,1330.284186,29.9,69,1298.303609
39,LT,1,ADANA2017,,1,H22,LTADANA2017H221,NA,NA,11.47,10,17.2,14.19841196,21.8,68.8,810.2961797,26.2,69.1,1044.129697,30.4,64.4,1534.139224,29.9,67.5,1361.124752
40,LT,1,ADANA2018,,1,H22,LTADANA2018H221,AM,0,11.43,11,19.1,13.67062176,24.4,62.8,1129.899614,26.4,70.2,1018.867484,29.1,69.8,1208.049497,29.6,68.8,1284.419303
41,LT,2,ADANA2019,,1,H22,LTADANA2019H221,NA,NA,NA,NA,NA,NA,24.1,57.6,1264.982487,27.1,68.7,1114.947256,28.4,68.8,1198.642242,29.6,68,1317.353131
42,LT,2,AYVALIK2015,,1,H22,LTAYVALIK2015H221,NA,NA,NA,NA,NA,NA,21,57.8,1043.762803,23.7,58.8,1200.099198,27.3,50.2,1794.775957,28.4,53.7,1778.754353
43,LT,2,AYVALIK2017,,1,H22,LTAYVALIK2017H221,NA,NA,12.8,13.7,19.8,14.71630033,20.4,59.4,967.8977476,25.1,58.5,1314.090861,27.7,49.7,1855.529395,28,49.9,1880.645094
44,LT,2,AYVALIK2018,,1,H22,LTAYVALIK2018H221,AM,0,15.15,12.9,21.2,17.2727113,22.5,59,1111.005522,25.2,58.2,1331.461611,28.2,56.9,1636.752826,28.5,53.2,1808.392047
45,LT,2,AYVALIK2019,,1,H22,LTAYVALIK2019H221,NA,NA,NA,NA,NA,NA,20.1,65.4,809.7645226,26.4,56.9,1473.596931,26.6,52.4,1646.6684,28.1,48.4,1948.220556
46,LT,2,MANISA2015,,1,H22,LTMANISA2015H221,NA,NA,NA,NA,NA,NA,21.6,51.7,1239.220546,23.7,58.4,1211.750646,28.8,42.8,2248.882322,28.6,49.8,1951.013707
47,LT,2,MANISA2016,,1,H22,LTMANISA2016H221,AM,0,14.3,6.9,11.4,19.59399302,19.7,58,958.9777322,26.9,47.6,1844.857003,29,42.8,2274.957698,28.8,49.1,2001.190738
48,LT,2,MANISA2017,,1,H22,LTMANISA2017H221,NA,NA,13.05,9.3,10.6,17.5775696,20.8,54.1,1121.454446,25.7,52.3,1565.008969,28.9,43.2,2246.069921,28.5,47.2,2040.237181
49,LT,3,MANISA2018,,1,H22,LTMANISA2018H221,AM,0,10.55,9.1,11.7,14.06632201,22.9,54.7,1257.549619,25.3,54.8,1448.317966,28.5,49.2,1962.95547,29,49.5,2008.48538
50,LT,3,MANISA2019,,1,H22,LTMANISA2019H221,NA,NA,NA,NA,NA,NA,21.4,51.9,1219.131868,26.7,51.7,1680.708219,27.7,45.9,1995.708554,29.1,43.6,2256.092437
51,LT,3,MERSIN2015,,1,H22,LTMERSIN2015H221,NA,NA,NA,NA,NA,NA,22.7,62.2,1036.753392,25.4,66.6,1076.572083,28.6,67.7,1255.333521,30.3,60.8,1679.672048
52,LT,3,MERSIN2016,,1,H22,LTMERSIN2016H221,AM,0,13.77,10,16.1,17.27197176,21.7,65.5,890.5646411,26.8,65.5,1207.559008,29.6,65.6,1416.154616,30,64.4,1499.506342
53,LT,3,MERSIN2019,,1,H22,LTMERSIN2019H221,NA,NA,NA,NA,NA,NA,23.3,59.9,1140.338467,27,66.7,1179.277179,28.9,62.6,1478.926321,30,61.7,1613.232947
54,LT,3,SAKARYA2019,,1,H22,LTSAKARYA2019H221,NA,NA,NA,NA,NA,NA,20,62.5,872.2403524,23.7,68.7,911.725847,23.5,67,949.7790587,23.9,69.1,910.9231481
55,LT,3,ADANA2015,,1,H3,LTADANA2015H31,BM,0,13.6,12.2,14.1,17.0384505,22.5,64.8,953.8388868,25,69.6,956.9160889,28.4,69.8,1160.224222,30,63.4,1541.627307
56,LT,3,ADANA2016,,1,H3,LTADANA2016H31,BM,0,14.959,10,15.2,18.96463256,21.6,69.3,787.6619206,27.1,66.1,1207.562683,29.5,67.5,1330.284186,29.9,69,1298.303609
57,LT,4,ADANA2017,,1,H3,LTADANA2017H31,NA,NA,NA,NA,NA,NA,21.8,68.8,810.2961797,26.2,69.1,1044.129697,30.4,64.4,1534.139224,29.9,67.5,1361.124752
58,LT,4,ADANA2018,,1,H3,LTADANA2018H31,NA,NA,NA,NA,NA,NA,24.4,62.8,1129.899614,26.4,70.2,1018.867484,29.1,69.8,1208.049497,29.6,68.8,1284.419303
59,LT,4,ADANA2019,,1,H3,LTADANA2019H31,NA,NA,NA,NA,NA,NA,24.1,57.6,1264.982487,27.1,68.7,1114.947256,28.4,68.8,1198.642242,29.6,68,1317.353131
60,LT,4,AYVALIK2015,,1,H3,LTAYVALIK2015H31,BM,0,18,15.4,21.3,19.907701,21,57.8,1043.762803,23.7,58.8,1200.099198,27.3,50.2,1794.775957,28.4,53.7,1778.754353
61,LT,4,AYVALIK2017,,1,H3,LTAYVALIK2017H31,NA,NA,NA,NA,NA,NA,20.4,59.4,967.8977476,25.1,58.5,1314.090861,27.7,49.7,1855.529395,28,49.9,1880.645094
62,LT,4,AYVALIK2018,,1,H3,LTAYVALIK2018H31,NA,NA,NA,NA,NA,NA,22.5,59,1111.005522,25.2,58.2,1331.461611,28.2,56.9,1636.752826,28.5,53.2,1808.392047
63,LT,4,AYVALIK2019,,1,H3,LTAYVALIK2019H31,NA,NA,NA,NA,NA,NA,20.1,65.4,809.7645226,26.4,56.9,1473.596931,26.6,52.4,1646.6684,28.1,48.4,1948.220556
64,LT,4,MANISA2015,,1,H3,LTMANISA2015H31,BM,0,14.7,13.1,17.5,17.50630814,21.6,51.7,1239.220546,23.7,58.4,1211.750646,28.8,42.8,2248.882322,28.6,49.8,1951.013707
65,LT,1,MANISA2016,,1,H3,LTMANISA2016H31,BM,0,12.8,10.4,12.5,16.66976744,19.7,58,958.9777322,26.9,47.6,1844.857003,29,42.8,2274.957698,28.8,49.1,2001.190738
66,LT,1,MANISA2017,,1,H3,LTMANISA2017H31,NA,NA,NA,NA,NA,NA,20.8,54.1,1121.454446,25.7,52.3,1565.008969,28.9,43.2,2246.069921,28.5,47.2,2040.237181
67,LT,1,MANISA2018,,1,H3,LTMANISA2018H31,NA,NA,NA,NA,NA,NA,22.9,54.7,1257.549619,25.3,54.8,1448.317966,28.5,49.2,1962.95547,29,49.5,2008.48538
68,LT,1,MANISA2019,,1,H3,LTMANISA2019H31,NA,NA,NA,NA,NA,NA,21.4,51.9,1219.131868,26.7,51.7,1680.708219,27.7,45.9,1995.708554,29.1,43.6,2256.092437
69,LT,1,MERSIN2015,,1,H3,LTMERSIN2015H31,BM,0,12,12.2,19,14.17634551,22.7,62.2,1036.753392,25.4,66.6,1076.572083,28.6,67.7,1255.333521,30.3,60.8,1679.672048
70,LT,1,MERSIN2016,,1,H3,LTMERSIN2016H31,BM,0,14.1,14,17.6,16.59771429,21.7,65.5,890.5646411,26.8,65.5,1207.559008,29.6,65.6,1416.154616,30,64.4,1499.506342
71,LT,1,MERSIN2019,,1,H3,LTMERSIN2019H31,NA,NA,NA,NA,NA,NA,23.3,59.9,1140.338467,27,66.7,1179.277179,28.9,62.6,1478.926321,30,61.7,1613.232947
72,LT,1,SAKARYA2019,,1,H3,LTSAKARYA2019H31,NA,NA,NA,NA,NA,NA,20,62.5,872.2403524,23.7,68.7,911.725847,23.5,67,949.7790587,23.9,69.1,910.9231481
73,LT,2,ADANA2015,,1,HELEN,LTADANA2015HELEN1,AM,LIMAGRAIN,13.5,17.7,18.6,15.02316777,22.5,64.8,953.8388868,25,69.6,956.9160889,28.4,69.8,1160.224222,30,63.4,1541.627307
74,LT,2,ADANA2016,,1,HELEN,LTADANA2016HELEN1,AM,LIMAGRAIN,13.735,11,14.8,17.30062425,21.6,69.3,787.6619206,27.1,66.1,1207.562683,29.5,67.5,1330.284186,29.9,69,1298.303609
75,LT,2,ADANA2017,,1,HELEN,LTADANA2017HELEN1,AM,LIMAGRAIN,11.98,12,16.8,14.57022724,21.8,68.8,810.2961797,26.2,69.1,1044.129697,30.4,64.4,1534.139224,29.9,67.5,1361.124752
76,LT,2,ADANA2018,,1,HELEN,LTADANA2018HELEN1,NA,NA,NA,NA,NA,NA,24.4,62.8,1129.899614,26.4,70.2,1018.867484,29.1,69.8,1208.049497,29.6,68.8,1284.419303
77,LT,2,ADANA2019,,1,HELEN,LTADANA2019HELEN1,NA,NA,NA,NA,NA,NA,24.1,57.6,1264.982487,27.1,68.7,1114.947256,28.4,68.8,1198.642242,29.6,68,1317.353131
78,LT,2,AYVALIK2015,,1,HELEN,LTAYVALIK2015HELEN1,AM,LIMAGRAIN,16.5,15,21.6,18.26511628,21,57.8,1043.762803,23.7,58.8,1200.099198,27.3,50.2,1794.775957,28.4,53.7,1778.754353
79,LT,2,AYVALIK2017,,1,HELEN,LTAYVALIK2017HELEN1,AM,LIMAGRAIN,16.6,14.2,20.7,18.76169502,20.4,59.4,967.8977476,25.1,58.5,1314.090861,27.7,49.7,1855.529395,28,49.9,1880.645094
80,LT,2,AYVALIK2018,,1,HELEN,LTAYVALIK2018HELEN1,NA,NA,NA,NA,NA,NA,22.5,59,1111.005522,25.2,58.2,1331.461611,28.2,56.9,1636.752826,28.5,53.2,1808.392047
81,LT,3,AYVALIK2019,,1,HELEN,LTAYVALIK2019HELEN1,NA,NA,NA,NA,NA,NA,20.1,65.4,809.7645226,26.4,56.9,1473.596931,26.6,52.4,1646.6684,28.1,48.4,1948.220556
82,LT,3,MANISA2015,,1,HELEN,LTMANISA2015HELEN1,AM,LIMAGRAIN,16.65,14.4,19.7,19.01109169,21.6,51.7,1239.220546,23.7,58.4,1211.750646,28.8,42.8,2248.882322,28.6,49.8,1951.013707
83,LT,3,MANISA2016,,1,HELEN,LTMANISA2016HELEN1,AM,LIMAGRAIN,12.5,9,13.2,16.40116279,19.7,58,958.9777322,26.9,47.6,1844.857003,29,42.8,2274.957698,28.8,49.1,2001.190738
84,LT,3,MANISA2017,,1,HELEN,LTMANISA2017HELEN1,AM,LIMAGRAIN,14.1,7.9,13,18.76728738,20.8,54.1,1121.454446,25.7,52.3,1565.008969,28.9,43.2,2246.069921,28.5,47.2,2040.237181
85,LT,3,MANISA2018,,1,HELEN,LTMANISA2018HELEN1,NA,NA,NA,NA,NA,NA,22.9,54.7,1257.549619,25.3,54.8,1448.317966,28.5,49.2,1962.95547,29,49.5,2008.48538
86,LT,3,MANISA2019,,1,HELEN,LTMANISA2019HELEN1,NA,NA,NA,NA,NA,NA,21.4,51.9,1219.131868,26.7,51.7,1680.708219,27.7,45.9,1995.708554,29.1,43.6,2256.092437
87,LT,3,MERSIN2015,,1,HELEN,LTMERSIN2015HELEN1,AM,LIMAGRAIN,12.9,12.5,20.5,14.90625,22.7,62.2,1036.753392,25.4,66.6,1076.572083,28.6,67.7,1255.333521,30.3,60.8,1679.672048
88,LT,3,MERSIN2016,,1,HELEN,LTMERSIN2016HELEN1,AM,LIMAGRAIN,12.4,12,16.1,15.20792027,21.7,65.5,890.5646411,26.8,65.5,1207.559008,29.6,65.6,1416.154616,30,64.4,1499.506342
89,LT,4,MERSIN2019,,1,HELEN,LTMERSIN2019HELEN1,NA,NA,NA,NA,NA,NA,23.3,59.9,1140.338467,27,66.7,1179.277179,28.9,62.6,1478.926321,30,61.7,1613.232947
90,LT,4,SAKARYA2019,,1,HELEN,LTSAKARYA2019HELEN1,NA,NA,NA,NA,NA,NA,20,62.5,872.2403524,23.7,68.7,911.725847,23.5,67,949.7790587,23.9,69.1,910.9231481
91,LT,4,ADANA2015,,1,KALUMET,LTADANA2015KALUMET1,NA,NA,NA,NA,NA,NA,22.5,64.8,953.8388868,25,69.6,956.9160889,28.4,69.8,1160.224222,30,63.4,1541.627307
92,LT,4,ADANA2016,,1,KALUMET,LTADANA2016KALUMET1,AM,KWS,13.2,15,14.8,15.87946844,21.6,69.3,787.6619206,27.1,66.1,1207.562683,29.5,67.5,1330.284186,29.9,69,1298.303609
93,LT,4,ADANA2017,,1,KALUMET,LTADANA2017KALUMET1,AM,KWS,12.9,16,16.5,15.03,21.8,68.8,810.2961797,26.2,69.1,1044.129697,30.4,64.4,1534.139224,29.9,67.5,1361.124752
94,LT,4,ADANA2018,,1,KALUMET,LTADANA2018KALUMET1,AM,0,16.05,16,21,17.69232558,24.4,62.8,1129.899614,26.4,70.2,1018.867484,29.1,69.8,1208.049497,29.6,68.8,1284.419303
95,LT,4,ADANA2019,,1,KALUMET,LTADANA2019KALUMET1,AM,KWS,7.87,12,10.7,10.27335681,24.1,57.6,1264.982487,27.1,68.7,1114.947256,28.4,68.8,1198.642242,29.6,68,1317.353131
96,LT,4,AYVALIK2015,,1,KALUMET,LTAYVALIK2015KALUMET1,NA,NA,NA,NA,NA,NA,21,57.8,1043.762803,23.7,58.8,1200.099198,27.3,50.2,1794.775957,28.4,53.7,1778.754353
97,LT,1,AYVALIK2017,,1,KALUMET,LTAYVALIK2017KALUMET1,AM,KWS,17.4,17.8,19.6,19.10207841,20.4,59.4,967.8977476,25.1,58.5,1314.090861,27.7,49.7,1855.529395,28,49.9,1880.645094
98,LT,1,AYVALIK2018,,1,KALUMET,LTAYVALIK2018KALUMET1,AM,0,18.8,18.4,25.3,19.03584319,22.5,59,1111.005522,25.2,58.2,1331.461611,28.2,56.9,1636.752826,28.5,53.2,1808.392047
99,LT,1,AYVALIK2019,,1,KALUMET,LTAYVALIK2019KALUMET1,AM,KWS,11.25,19.4,24.7,11.34190615,20.1,65.4,809.7645226,26.4,56.9,1473.596931,26.6,52.4,1646.6684,28.1,48.4,1948.220556
100,LT,1,MANISA2015,,1,KALUMET,LTMANISA2015KALUMET1,NA,NA,NA,NA,NA,NA,21.6,51.7,1239.220546,23.7,58.4,1211.750646,28.8,42.8,2248.882322,28.6,49.8,1951.013707
101,LT,1,MANISA2016,,1,KALUMET,LTMANISA2016KALUMET1,AM,KWS,15.5,14.9,14.6,18.71210465,19.7,58,958.9777322,26.9,47.6,1844.857003,29,42.8,2274.957698,28.8,49.1,2001.190738
102,LT,1,MANISA2017,,1,KALUMET,LTMANISA2017KALUMET1,AM,KWS,15.6,14,13,19.38857143,20.8,54.1,1121.454446,25.7,52.3,1565.008969,28.9,43.2,2246.069921,28.5,47.2,2040.237181
103,LT,1,MANISA2018,,1,KALUMET,LTMANISA2018KALUMET1,AM,0,11.35,15.6,18.3,13.00061429,22.9,54.7,1257.549619,25.3,54.8,1448.317966,28.5,49.2,1962.95547,29,49.5,2008.48538
104,LT,1,MANISA2019,,1,KALUMET,LTMANISA2019KALUMET1,AM,KWS,15.25,13.2,16.1,18.44824419,21.4,51.9,1219.131868,26.7,51.7,1680.708219,27.7,45.9,1995.708554,29.1,43.6,2256.092437
105,LT,2,MERSIN2015,,1,KALUMET,LTMERSIN2015KALUMET1,NA,NA,NA,NA,NA,NA,22.7,62.2,1036.753392,25.4,66.6,1076.572083,28.6,67.7,1255.333521,30.3,60.8,1679.672048
106,LT,2,MERSIN2016,,1,KALUMET,LTMERSIN2016KALUMET1,AM,KWS,13.11,14,15,15.91928571,21.7,65.5,890.5646411,26.8,65.5,1207.559008,29.6,65.6,1416.154616,30,64.4,1499.506342
107,LT,2,MERSIN2019,,1,KALUMET,LTMERSIN2019KALUMET1,AM,KWS,12.79,10,14.2,16.40604319,23.3,59.9,1140.338467,27,66.7,1179.277179,28.9,62.6,1478.926321,30,61.7,1613.232947
108,LT,2,SAKARYA2019,,1,KALUMET,LTSAKARYA2019KALUMET1,AM,KWS,11.09,0,20.6,14.62700997,20,62.5,872.2403524,23.7,68.7,911.725847,23.5,67,949.7790587,23.9,69.1,910.9231481
109,LT,2,ADANA2015,,1,KUM,LTADANA2015KUM1,NA,NA,NA,NA,NA,NA,22.5,64.8,953.8388868,25,69.6,956.9160889,28.4,69.8,1160.224222,30,63.4,1541.627307
110,LT,2,ADANA2016,,1,KUM,LTADANA2016KUM1,NA,NA,NA,NA,NA,NA,21.6,69.3,787.6619206,27.1,66.1,1207.562683,29.5,67.5,1330.284186,29.9,69,1298.303609
111,LT,2,ADANA2017,,1,KUM,LTADANA2017KUM1,BM,0,9.72,13,13,12.22104319,21.8,68.8,810.2961797,26.2,69.1,1044.129697,30.4,64.4,1534.139224,29.9,67.5,1361.124752
112,LT,2,ADANA2018,,1,KUM,LTADANA2018KUM1,NA,NA,NA,NA,NA,NA,24.4,62.8,1129.899614,26.4,70.2,1018.867484,29.1,69.8,1208.049497,29.6,68.8,1284.419303
113,LT,3,ADANA2019,,1,KUM,LTADANA2019KUM1,BM,0,7.91,13,13.2,9.922451163,24.1,57.6,1264.982487,27.1,68.7,1114.947256,28.4,68.8,1198.642242,29.6,68,1317.353131
114,LT,3,AYVALIK2015,,1,KUM,LTAYVALIK2015KUM1,NA,NA,NA,NA,NA,NA,21,57.8,1043.762803,23.7,58.8,1200.099198,27.3,50.2,1794.775957,28.4,53.7,1778.754353
115,LT,3,AYVALIK2017,,1,KUM,LTAYVALIK2017KUM1,BM,0,15.2,16.7,22.8,16.23713488,20.4,59.4,967.8977476,25.1,58.5,1314.090861,27.7,49.7,1855.529395,28,49.9,1880.645094
116,LT,3,AYVALIK2018,,1,KUM,LTAYVALIK2018KUM1,BM,0,12.4,15.6,20.9,13.75131163,22.5,59,1111.005522,25.2,58.2,1331.461611,28.2,56.9,1636.752826,28.5,53.2,1808.392047
117,LT,3,AYVALIK2019,,1,KUM,LTAYVALIK2019KUM1,BM,0,7.8,15.1,18,9.020272425,20.1,65.4,809.7645226,26.4,56.9,1473.596931,26.6,52.4,1646.6684,28.1,48.4,1948.220556
118,LT,3,MANISA2015,,1,KUM,LTMANISA2015KUM1,NA,NA,NA,NA,NA,NA,21.6,51.7,1239.220546,23.7,58.4,1211.750646,28.8,42.8,2248.882322,28.6,49.8,1951.013707
119,LT,3,MANISA2016,,1,KUM,LTMANISA2016KUM1,NA,NA,NA,NA,NA,NA,19.7,58,958.9777322,26.9,47.6,1844.857003,29,42.8,2274.957698,28.8,49.1,2001.190738
120,LT,3,MANISA2017,,1,KUM,LTMANISA2017KUM1,BM,0,14.7,12.4,11.7,18.88798605,20.8,54.1,1121.454446,25.7,52.3,1565.008969,28.9,43.2,2246.069921,28.5,47.2,2040.237181
121,LT,4,MANISA2018,,1,KUM,LTMANISA2018KUM1,BM,0,11.25,11.4,20.6,13.14650332,22.9,54.7,1257.549619,25.3,54.8,1448.317966,28.5,49.2,1962.95547,29,49.5,2008.48538
122,LT,4,MANISA2019,,1,KUM,LTMANISA2019KUM1,BM,0,11.4,10.8,13.2,14.6619907,21.4,51.9,1219.131868,26.7,51.7,1680.708219,27.7,45.9,1995.708554,29.1,43.6,2256.092437
123,LT,4,MERSIN2015,,1,KUM,LTMERSIN2015KUM1,NA,NA,NA,NA,NA,NA,22.7,62.2,1036.753392,25.4,66.6,1076.572083,28.6,67.7,1255.333521,30.3,60.8,1679.672048
124,LT,4,MERSIN2016,,1,KUM,LTMERSIN2016KUM1,NA,NA,NA,NA,NA,NA,21.7,65.5,890.5646411,26.8,65.5,1207.559008,29.6,65.6,1416.154616,30,64.4,1499.506342
125,LT,4,MERSIN2019,,1,KUM,LTMERSIN2019KUM1,BM,0,11.07,11,9.5,14.81118189,23.3,59.9,1140.338467,27,66.7,1179.277179,28.9,62.6,1478.926321,30,61.7,1613.232947
126,LT,4,SAKARYA2019,,1,KUM,LTSAKARYA2019KUM1,BM,0,10.77,0,17,14.84900332,20,62.5,872.2403524,23.7,68.7,911.725847,23.5,67,949.7790587,23.9,69.1,910.9231481
127,LT,4,ADANA2015,,1,P1921,LTADANA2015P19211,AM,PIONEER,14,13.2,15.6,17.03702326,22.5,64.8,953.8388868,25,69.6,956.9160889,28.4,69.8,1160.224222,30,63.4,1541.627307
128,LT,4,ADANA2016,,1,P1921,LTADANA2016P19211,AM,PIONEER,14.347,12,15.7,17.67969847,21.6,69.3,787.6619206,27.1,66.1,1207.562683,29.5,67.5,1330.284186,29.9,69,1298.303609
129,LT,1,ADANA2017,,1,P1921,LTADANA2017P19211,AM,PIONEER,14.67,12,15.3,18.16350698,21.8,68.8,810.2961797,26.2,69.1,1044.129697,30.4,64.4,1534.139224,29.9,67.5,1361.124752
130,LT,1,ADANA2018,,1,P1921,LTADANA2018P19211,AM,0,15.33,12,18.7,18.21876279,24.4,62.8,1129.899614,26.4,70.2,1018.867484,29.1,69.8,1208.049497,29.6,68.8,1284.419303
131,LT,1,ADANA2019,,1,P1921,LTADANA2019P19211,NA,NA,NA,NA,NA,NA,24.1,57.6,1264.982487,27.1,68.7,1114.947256,28.4,68.8,1198.642242,29.6,68,1317.353131
132,LT,1,AYVALIK2015,,1,P1921,LTAYVALIK2015P19211,AM,PIONEER,16.6,14.1,20.7,18.78356179,21,57.8,1043.762803,23.7,58.8,1200.099198,27.3,50.2,1794.775957,28.4,53.7,1778.754353
133,LT,1,AYVALIK2017,,1,P1921,LTAYVALIK2017P19211,AM,PIONEER,13.95,13.6,19.8,16.05705249,20.4,59.4,967.8977476,25.1,58.5,1314.090861,27.7,49.7,1855.529395,28,49.9,1880.645094
134,LT,1,AYVALIK2018,,1,P1921,LTAYVALIK2018P19211,AM,0,13.5,13.3,18.7,15.80690781,22.5,59,1111.005522,25.2,58.2,1331.461611,28.2,56.9,1636.752826,28.5,53.2,1808.392047
135,LT,1,AYVALIK2019,,1,P1921,LTAYVALIK2019P19211,NA,NA,NA,NA,NA,NA,20.1,65.4,809.7645226,26.4,56.9,1473.596931,26.6,52.4,1646.6684,28.1,48.4,1948.220556
136,LT,1,MANISA2015,,1,P1921,LTMANISA2015P19211,AM,PIONEER,15.85,12.9,17,19.03395432,21.6,51.7,1239.220546,23.7,58.4,1211.750646,28.8,42.8,2248.882322,28.6,49.8,1951.013707
137,LT,2,MANISA2016,,1,P1921,LTMANISA2016P19211,AM,PIONEER,15.1,9.6,12.5,19.84069767,19.7,58,958.9777322,26.9,47.6,1844.857003,29,42.8,2274.957698,28.8,49.1,2001.190738
138,LT,2,MANISA2017,,1,P1921,LTMANISA2017P19211,AM,PIONEER,14.6,9.2,11,19.59892359,20.8,54.1,1121.454446,25.7,52.3,1565.008969,28.9,43.2,2246.069921,28.5,47.2,2040.237181
139,LT,2,MANISA2018,,1,P1921,LTMANISA2018P19211,AM,0,10.95,12.5,14.8,13.56017442,22.9,54.7,1257.549619,25.3,54.8,1448.317966,28.5,49.2,1962.95547,29,49.5,2008.48538
140,LT,2,MANISA2019,,1,P1921,LTMANISA2019P19211,NA,NA,NA,NA,NA,NA,21.4,51.9,1219.131868,26.7,51.7,1680.708219,27.7,45.9,1995.708554,29.1,43.6,2256.092437
141,LT,2,MERSIN2015,,1,P1921,LTMERSIN2015P19211,AM,PIONEER,13.7,10.2,17.8,16.79856678,22.7,62.2,1036.753392,25.4,66.6,1076.572083,28.6,67.7,1255.333521,30.3,60.8,1679.672048
142,LT,2,MERSIN2016,,1,P1921,LTMERSIN2016P19211,AM,PIONEER,14,12,16.1,17.17023256,21.7,65.5,890.5646411,26.8,65.5,1207.559008,29.6,65.6,1416.154616,30,64.4,1499.506342
143,LT,2,MERSIN2019,,1,P1921,LTMERSIN2019P19211,NA,NA,NA,NA,NA,NA,23.3,59.9,1140.338467,27,66.7,1179.277179,28.9,62.6,1478.926321,30,61.7,1613.232947
144,LT,2,SAKARYA2019,,1,P1921,LTSAKARYA2019P19211,NA,NA,NA,NA,NA,NA,20,62.5,872.2403524,23.7,68.7,911.725847,23.5,67,949.7790587,23.9,69.1,910.9231481
145,LT,3,ADANA2015,,2,ALBAYRAK,LTADANA2015ALBAYRAK2,AM,0,12,17.1,15.1,14.02965449,22.5,64.8,953.8388868,25,69.6,956.9160889,28.4,69.8,1160.224222,30,63.4,1541.627307
146,LT,3,ADANA2016,,2,ALBAYRAK,LTADANA2016ALBAYRAK2,AM,0,12.266,13,15.6,14.96125993,21.6,69.3,787.6619206,27.1,66.1,1207.562683,29.5,67.5,1330.284186,29.9,69,1298.303609
147,LT,3,ADANA2017,,2,ALBAYRAK,LTADANA2017ALBAYRAK2,AM,OS-TAREKS,11.84,12,15.9,14.55572625,21.8,68.8,810.2961797,26.2,69.1,1044.129697,30.4,64.4,1534.139224,29.9,67.5,1361.124752
148,LT,3,ADANA2018,,2,ALBAYRAK,LTADANA2018ALBAYRAK2,AM,OS-TAREKS,13.03,12,20.1,15.21869369,24.4,62.8,1129.899614,26.4,70.2,1018.867484,29.1,69.8,1208.049497,29.6,68.8,1284.419303
149,LT,3,ADANA2019,,2,ALBAYRAK,LTADANA2019ALBAYRAK2,AM,OS-TAREKS,10.9,16,12.6,13.29293023,24.1,57.6,1264.982487,27.1,68.7,1114.947256,28.4,68.8,1198.642242,29.6,68,1317.353131
150,LT,3,AYVALIK2015,,2,ALBAYRAK,LTAYVALIK2015ALBAYRAK2,AM,0,16.4,15,20.5,18.40913621,21,57.8,1043.762803,23.7,58.8,1200.099198,27.3,50.2,1794.775957,28.4,53.7,1778.754353
151,LT,3,AYVALIK2017,,2,ALBAYRAK,LTAYVALIK2017ALBAYRAK2,AM,OS-TAREKS,16.3,14,22,18.16285714,20.4,59.4,967.8977476,25.1,58.5,1314.090861,27.7,49.7,1855.529395,28,49.9,1880.645094
152,LT,3,AYVALIK2018,,2,ALBAYRAK,LTAYVALIK2018ALBAYRAK2,AM,0,16.6,15.3,21.6,18.31095814,22.5,59,1111.005522,25.2,58.2,1331.461611,28.2,56.9,1636.752826,28.5,53.2,1808.392047
153,LT,4,AYVALIK2019,,2,ALBAYRAK,LTAYVALIK2019ALBAYRAK2,AM,OS-TAREKS,13.85,14.3,27,14.39318688,20.1,65.4,809.7645226,26.4,56.9,1473.596931,26.6,52.4,1646.6684,28.1,48.4,1948.220556
154,LT,4,MANISA2015,,2,ALBAYRAK,LTMANISA2015ALBAYRAK2,AM,0,15.3,11.3,17.8,18.53063821,21.6,51.7,1239.220546,23.7,58.4,1211.750646,28.8,42.8,2248.882322,28.6,49.8,1951.013707
155,LT,4,MANISA2016,,2,ALBAYRAK,LTMANISA2016ALBAYRAK2,AM,0,12.85,9.3,12.6,16.92097392,19.7,58,958.9777322,26.9,47.6,1844.857003,29,42.8,2274.957698,28.8,49.1,2001.190738
156,LT,4,MANISA2017,,2,ALBAYRAK,LTMANISA2017ALBAYRAK2,AM,OS-TAREKS,13.3,7.4,12.4,17.92133023,20.8,54.1,1121.454446,25.7,52.3,1565.008969,28.9,43.2,2246.069921,28.5,47.2,2040.237181
157,LT,4,MANISA2018,,2,ALBAYRAK,LTMANISA2018ALBAYRAK2,AM,0,12.9,10.2,16,16.164,22.9,54.7,1257.549619,25.3,54.8,1448.317966,28.5,49.2,1962.95547,29,49.5,2008.48538
158,LT,4,MANISA2019,,2,ALBAYRAK,LTMANISA2019ALBAYRAK2,AM,OS-TAREKS,15.1,9.9,16.7,18.82566163,21.4,51.9,1219.131868,26.7,51.7,1680.708219,27.7,45.9,1995.708554,29.1,43.6,2256.092437
159,LT,4,MERSIN2015,,2,ALBAYRAK,LTMERSIN2015ALBAYRAK2,AM,0,13.5,11.3,16.6,16.58925748,22.7,62.2,1036.753392,25.4,66.6,1076.572083,28.6,67.7,1255.333521,30.3,60.8,1679.672048
160,LT,4,MERSIN2016,,2,ALBAYRAK,LTMERSIN2016ALBAYRAK2,AM,0,14.04,12,18,16.82934219,21.7,65.5,890.5646411,26.8,65.5,1207.559008,29.6,65.6,1416.154616,30,64.4,1499.506342
161,LT,1,MERSIN2019,,2,ALBAYRAK,LTMERSIN2019ALBAYRAK2,AM,OS-TAREKS,13.02,11,16.4,16.09202791,23.3,59.9,1140.338467,27,66.7,1179.277179,28.9,62.6,1478.926321,30,61.7,1613.232947
162,LT,1,SAKARYA2019,,2,ALBAYRAK,LTSAKARYA2019ALBAYRAK2,AM,OS-TAREKS,8.58,0,19.9,11.41624585,20,62.5,872.2403524,23.7,68.7,911.725847,23.5,67,949.7790587,23.9,69.1,910.9231481
163,LT,1,ADANA2015,,2,DKC6589,LTADANA2015DKC65892,BM,DEKALB,12.3,14.5,16,14.67418605,22.5,64.8,953.8388868,25,69.6,956.9160889,28.4,69.8,1160.224222,30,63.4,1541.627307
164,LT,1,ADANA2016,,2,DKC6589,LTADANA2016DKC65892,BM,DEKALB,12.358,14,13.2,15.32392,21.6,69.3,787.6619206,27.1,66.1,1207.562683,29.5,67.5,1330.284186,29.9,69,1298.303609
165,LT,1,ADANA2017,,2,DKC6589,LTADANA2017DKC65892,BM,DEKALB,12.71,13,14.6,15.68650465,21.8,68.8,810.2961797,26.2,69.1,1044.129697,30.4,64.4,1534.139224,29.9,67.5,1361.124752
166,LT,1,ADANA2018,,2,DKC6589,LTADANA2018DKC65892,NA,NA,NA,NA,NA,NA,24.4,62.8,1129.899614,26.4,70.2,1018.867484,29.1,69.8,1208.049497,29.6,68.8,1284.419303
167,LT,1,ADANA2019,,2,DKC6589,LTADANA2019DKC65892,NA,NA,NA,NA,NA,NA,24.1,57.6,1264.982487,27.1,68.7,1114.947256,28.4,68.8,1198.642242,29.6,68,1317.353131
168,LT,1,AYVALIK2015,,2,DKC6589,LTAYVALIK2015DKC65892,BM,DEKALB,15.45,15.1,20.8,17.25698272,21,57.8,1043.762803,23.7,58.8,1200.099198,27.3,50.2,1794.775957,28.4,53.7,1778.754353
169,LT,2,AYVALIK2017,,2,DKC6589,LTAYVALIK2017DKC65892,BM,DEKALB,16.2,14.1,19.1,18.700801,20.4,59.4,967.8977476,25.1,58.5,1314.090861,27.7,49.7,1855.529395,28,49.9,1880.645094
170,LT,2,AYVALIK2018,,2,DKC6589,LTAYVALIK2018DKC65892,NA,NA,NA,NA,NA,NA,22.5,59,1111.005522,25.2,58.2,1331.461611,28.2,56.9,1636.752826,28.5,53.2,1808.392047
171,LT,2,AYVALIK2019,,2,DKC6589,LTAYVALIK2019DKC65892,NA,NA,NA,NA,NA,NA,20.1,65.4,809.7645226,26.4,56.9,1473.596931,26.6,52.4,1646.6684,28.1,48.4,1948.220556
172,LT,2,MANISA2015,,2,DKC6589,LTMANISA2015DKC65892,BM,DEKALB,16.25,13.1,17,19.46949751,21.6,51.7,1239.220546,23.7,58.4,1211.750646,28.8,42.8,2248.882322,28.6,49.8,1951.013707
173,LT,2,MANISA2016,,2,DKC6589,LTMANISA2016DKC65892,BM,DEKALB,12.75,10.1,11.5,16.85064992,19.7,58,958.9777322,26.9,47.6,1844.857003,29,42.8,2274.957698,28.8,49.1,2001.190738
174,LT,2,MANISA2017,,2,DKC6589,LTMANISA2017DKC65892,BM,DEKALB,13.15,11.5,11.7,17.06998879,20.8,54.1,1121.454446,25.7,52.3,1565.008969,28.9,43.2,2246.069921,28.5,47.2,2040.237181
175,LT,2,MANISA2018,,2,DKC6589,LTMANISA2018DKC65892,NA,NA,NA,NA,NA,NA,22.9,54.7,1257.549619,25.3,54.8,1448.317966,28.5,49.2,1962.95547,29,49.5,2008.48538
176,LT,2,MANISA2019,,2,DKC6589,LTMANISA2019DKC65892,NA,NA,NA,NA,NA,NA,21.4,51.9,1219.131868,26.7,51.7,1680.708219,27.7,45.9,1995.708554,29.1,43.6,2256.092437
177,LT,3,MERSIN2015,,2,DKC6589,LTMERSIN2015DKC65892,BM,DEKALB,15.1,12.2,18,18.05879734,22.7,62.2,1036.753392,25.4,66.6,1076.572083,28.6,67.7,1255.333521,30.3,60.8,1679.672048
178,LT,3,MERSIN2016,,2,DKC6589,LTMERSIN2016DKC65892,BM,DEKALB,12.19,13,16.8,14.6571588,21.7,65.5,890.5646411,26.8,65.5,1207.559008,29.6,65.6,1416.154616,30,64.4,1499.506342
179,LT,3,MERSIN2019,,2,DKC6589,LTMERSIN2019DKC65892,NA,NA,NA,NA,NA,NA,23.3,59.9,1140.338467,27,66.7,1179.277179,28.9,62.6,1478.926321,30,61.7,1613.232947
180,LT,3,SAKARYA2019,,2,DKC6589,LTSAKARYA2019DKC65892,NA,NA,NA,NA,NA,NA,20,62.5,872.2403524,23.7,68.7,911.725847,23.5,67,949.7790587,23.9,69.1,910.9231481
181,LT,3,ADANA2015,,2,H22,LTADANA2015H222,NA,NA,NA,NA,NA,NA,22.5,64.8,953.8388868,25,69.6,956.9160889,28.4,69.8,1160.224222,30,63.4,1541.627307
182,LT,3,ADANA2016,,2,H22,LTADANA2016H222,AM,0,12.366,10,14.1,15.88065548,21.6,69.3,787.6619206,27.1,66.1,1207.562683,29.5,67.5,1330.284186,29.9,69,1298.303609
183,LT,3,ADANA2017,,2,H22,LTADANA2017H222,NA,NA,11.436,11,15.4,14.30335854,21.8,68.8,810.2961797,26.2,69.1,1044.129697,30.4,64.4,1534.139224,29.9,67.5,1361.124752
184,LT,3,ADANA2018,,2,H22,LTADANA2018H222,AM,0,14.76,10,16.3,18.46961462,24.4,62.8,1129.899614,26.4,70.2,1018.867484,29.1,69.8,1208.049497,29.6,68.8,1284.419303
185,LT,4,ADANA2019,,2,H22,LTADANA2019H222,NA,NA,NA,NA,NA,NA,24.1,57.6,1264.982487,27.1,68.7,1114.947256,28.4,68.8,1198.642242,29.6,68,1317.353131
186,LT,4,AYVALIK2015,,2,H22,LTAYVALIK2015H222,NA,NA,NA,NA,NA,NA,21,57.8,1043.762803,23.7,58.8,1200.099198,27.3,50.2,1794.775957,28.4,53.7,1778.754353
187,LT,4,AYVALIK2017,,2,H22,LTAYVALIK2017H222,NA,NA,16.1,11.2,20.2,18.95157209,20.4,59.4,967.8977476,25.1,58.5,1314.090861,27.7,49.7,1855.529395,28,49.9,1880.645094
188,LT,4,AYVALIK2018,,2,H22,LTAYVALIK2018H222,AM,0,14.9,13.6,21.9,16.70146445,22.5,59,1111.005522,25.2,58.2,1331.461611,28.2,56.9,1636.752826,28.5,53.2,1808.392047
189,LT,4,AYVALIK2019,,2,H22,LTAYVALIK2019H222,NA,NA,NA,NA,NA,NA,20.1,65.4,809.7645226,26.4,56.9,1473.596931,26.6,52.4,1646.6684,28.1,48.4,1948.220556
190,LT,4,MANISA2015,,2,H22,LTMANISA2015H222,NA,NA,NA,NA,NA,NA,21.6,51.7,1239.220546,23.7,58.4,1211.750646,28.8,42.8,2248.882322,28.6,49.8,1951.013707
191,LT,4,MANISA2016,,2,H22,LTMANISA2016H222,AM,0,12.35,5.9,11.4,17.10384734,19.7,58,958.9777322,26.9,47.6,1844.857003,29,42.8,2274.957698,28.8,49.1,2001.190738
192,LT,4,MANISA2017,,2,H22,LTMANISA2017H222,NA,NA,12.8,8.9,10.4,17.3556093,20.8,54.1,1121.454446,25.7,52.3,1565.008969,28.9,43.2,2246.069921,28.5,47.2,2040.237181
193,LT,1,MANISA2018,,2,H22,LTMANISA2018H222,AM,0,12.05,8.9,11.7,16.10162234,22.9,54.7,1257.549619,25.3,54.8,1448.317966,28.5,49.2,1962.95547,29,49.5,2008.48538
194,LT,1,MANISA2019,,2,H22,LTMANISA2019H222,NA,NA,NA,NA,NA,NA,21.4,51.9,1219.131868,26.7,51.7,1680.708219,27.7,45.9,1995.708554,29.1,43.6,2256.092437
195,LT,1,MERSIN2015,,2,H22,LTMERSIN2015H222,NA,NA,NA,NA,NA,NA,22.7,62.2,1036.753392,25.4,66.6,1076.572083,28.6,67.7,1255.333521,30.3,60.8,1679.672048
196,LT,1,MERSIN2016,,2,H22,LTMERSIN2016H222,AM,0,11.56,10,15.2,14.65546844,21.7,65.5,890.5646411,26.8,65.5,1207.559008,29.6,65.6,1416.154616,30,64.4,1499.506342
197,LT,1,MERSIN2019,,2,H22,LTMERSIN2019H222,NA,NA,NA,NA,NA,NA,23.3,59.9,1140.338467,27,66.7,1179.277179,28.9,62.6,1478.926321,30,61.7,1613.232947
198,LT,1,SAKARYA2019,,2,H22,LTSAKARYA2019H222,NA,NA,NA,NA,NA,NA,20,62.5,872.2403524,23.7,68.7,911.725847,23.5,67,949.7790587,23.9,69.1,910.9231481
199,LT,1,ADANA2015,,2,H3,LTADANA2015H32,BM,0,14.9,12.5,16.6,18.0619186,22.5,64.8,953.8388868,25,69.6,956.9160889,28.4,69.8,1160.224222,30,63.4,1541.627307
200,LT,1,ADANA2016,,2,H3,LTADANA2016H32,BM,0,12.188,15,14.7,14.6792515,21.6,69.3,787.6619206,27.1,66.1,1207.562683,29.5,67.5,1330.284186,29.9,69,1298.303609
201,LT,2,ADANA2017,,2,H3,LTADANA2017H32,NA,NA,NA,NA,NA,NA,21.8,68.8,810.2961797,26.2,69.1,1044.129697,30.4,64.4,1534.139224,29.9,67.5,1361.124752
202,LT,2,ADANA2018,,2,H3,LTADANA2018H32,NA,NA,NA,NA,NA,NA,24.4,62.8,1129.899614,26.4,70.2,1018.867484,29.1,69.8,1208.049497,29.6,68.8,1284.419303
203,LT,2,ADANA2019,,2,H3,LTADANA2019H32,NA,NA,NA,NA,NA,NA,24.1,57.6,1264.982487,27.1,68.7,1114.947256,28.4,68.8,1198.642242,29.6,68,1317.353131
204,LT,2,AYVALIK2015,,2,H3,LTAYVALIK2015H32,BM,0,18.8,15,21,20.97043189,21,57.8,1043.762803,23.7,58.8,1200.099198,27.3,50.2,1794.775957,28.4,53.7,1778.754353
205,LT,2,AYVALIK2017,,2,H3,LTAYVALIK2017H32,NA,NA,NA,NA,NA,NA,20.4,59.4,967.8977476,25.1,58.5,1314.090861,27.7,49.7,1855.529395,28,49.9,1880.645094
206,LT,2,AYVALIK2018,,2,H3,LTAYVALIK2018H32,NA,NA,NA,NA,NA,NA,22.5,59,1111.005522,25.2,58.2,1331.461611,28.2,56.9,1636.752826,28.5,53.2,1808.392047
207,LT,2,AYVALIK2019,,2,H3,LTAYVALIK2019H32,NA,NA,NA,NA,NA,NA,20.1,65.4,809.7645226,26.4,56.9,1473.596931,26.6,52.4,1646.6684,28.1,48.4,1948.220556
208,LT,2,MANISA2015,,2,H3,LTMANISA2015H32,BM,0,15.4,11.4,15.6,19.12935814,21.6,51.7,1239.220546,23.7,58.4,1211.750646,28.8,42.8,2248.882322,28.6,49.8,1951.013707
209,LT,3,MANISA2016,,2,H3,LTMANISA2016H32,BM,0,13.35,9.7,13.3,17.361675,19.7,58,958.9777322,26.9,47.6,1844.857003,29,42.8,2274.957698,28.8,49.1,2001.190738
210,LT,3,MANISA2017,,2,H3,LTMANISA2017H32,NA,NA,NA,NA,NA,NA,20.8,54.1,1121.454446,25.7,52.3,1565.008969,28.9,43.2,2246.069921,28.5,47.2,2040.237181
211,LT,3,MANISA2018,,2,H3,LTMANISA2018H32,NA,NA,NA,NA,NA,NA,22.9,54.7,1257.549619,25.3,54.8,1448.317966,28.5,49.2,1962.95547,29,49.5,2008.48538
212,LT,3,MANISA2019,,2,H3,LTMANISA2019H32,NA,NA,NA,NA,NA,NA,21.4,51.9,1219.131868,26.7,51.7,1680.708219,27.7,45.9,1995.708554,29.1,43.6,2256.092437
213,LT,3,MERSIN2015,,2,H3,LTMERSIN2015H32,BM,0,13.6,12.2,17,16.46322924,22.7,62.2,1036.753392,25.4,66.6,1076.572083,28.6,67.7,1255.333521,30.3,60.8,1679.672048
214,LT,3,MERSIN2016,,2,H3,LTMERSIN2016H32,BM,0,12.81,12,17.1,15.52350698,21.7,65.5,890.5646411,26.8,65.5,1207.559008,29.6,65.6,1416.154616,30,64.4,1499.506342
215,LT,3,MERSIN2019,,2,H3,LTMERSIN2019H32,NA,NA,NA,NA,NA,NA,23.3,59.9,1140.338467,27,66.7,1179.277179,28.9,62.6,1478.926321,30,61.7,1613.232947
216,LT,3,SAKARYA2019,,2,H3,LTSAKARYA2019H32,NA,NA,NA,NA,NA,NA,20,62.5,872.2403524,23.7,68.7,911.725847,23.5,67,949.7790587,23.9,69.1,910.9231481
217,LT,4,ADANA2015,,2,HELEN,LTADANA2015HELEN2,AM,LIMAGRAIN,13.8,16.4,18.7,15.58042924,22.5,64.8,953.8388868,25,69.6,956.9160889,28.4,69.8,1160.224222,30,63.4,1541.627307
218,LT,4,ADANA2016,,2,HELEN,LTADANA2016HELEN2,AM,LIMAGRAIN,12.408,11,16.1,15.3906606,21.6,69.3,787.6619206,27.1,66.1,1207.562683,29.5,67.5,1330.284186,29.9,69,1298.303609
219,LT,4,ADANA2017,,2,HELEN,LTADANA2017HELEN2,AM,LIMAGRAIN,11.32,12,16.7,13.78407442,21.8,68.8,810.2961797,26.2,69.1,1044.129697,30.4,64.4,1534.139224,29.9,67.5,1361.124752
220,LT,4,ADANA2018,,2,HELEN,LTADANA2018HELEN2,NA,NA,NA,NA,NA,NA,24.4,62.8,1129.899614,26.4,70.2,1018.867484,29.1,69.8,1208.049497,29.6,68.8,1284.419303
221,LT,4,ADANA2019,,2,HELEN,LTADANA2019HELEN2,NA,NA,NA,NA,NA,NA,24.1,57.6,1264.982487,27.1,68.7,1114.947256,28.4,68.8,1198.642242,29.6,68,1317.353131
222,LT,4,AYVALIK2015,,2,HELEN,LTAYVALIK2015HELEN2,AM,LIMAGRAIN,15.9,14.3,17.9,18.58337591,21,57.8,1043.762803,23.7,58.8,1200.099198,27.3,50.2,1794.775957,28.4,53.7,1778.754353
223,LT,4,AYVALIK2017,,2,HELEN,LTAYVALIK2017HELEN2,AM,LIMAGRAIN,15.05,14,20.7,17.0495,20.4,59.4,967.8977476,25.1,58.5,1314.090861,27.7,49.7,1855.529395,28,49.9,1880.645094
224,LT,4,AYVALIK2018,,2,HELEN,LTAYVALIK2018HELEN2,NA,NA,NA,NA,NA,NA,22.5,59,1111.005522,25.2,58.2,1331.461611,28.2,56.9,1636.752826,28.5,53.2,1808.392047
225,LT,1,AYVALIK2019,,2,HELEN,LTAYVALIK2019HELEN2,NA,NA,NA,NA,NA,NA,20.1,65.4,809.7645226,26.4,56.9,1473.596931,26.6,52.4,1646.6684,28.1,48.4,1948.220556
226,LT,1,MANISA2015,,2,HELEN,LTMANISA2015HELEN2,AM,LIMAGRAIN,15.2,13.3,15.2,18.56359336,21.6,51.7,1239.220546,23.7,58.4,1211.750646,28.8,42.8,2248.882322,28.6,49.8,1951.013707
227,LT,1,MANISA2016,,2,HELEN,LTMANISA2016HELEN2,AM,LIMAGRAIN,12.9,9,13.2,16.926,19.7,58,958.9777322,26.9,47.6,1844.857003,29,42.8,2274.957698,28.8,49.1,2001.190738
228,LT,1,MANISA2017,,2,HELEN,LTMANISA2017HELEN2,AM,LIMAGRAIN,13.65,8.4,13.1,18.04892791,20.8,54.1,1121.454446,25.7,52.3,1565.008969,28.9,43.2,2246.069921,28.5,47.2,2040.237181
229,LT,1,MANISA2018,,2,HELEN,LTMANISA2018HELEN2,NA,NA,NA,NA,NA,NA,22.9,54.7,1257.549619,25.3,54.8,1448.317966,28.5,49.2,1962.95547,29,49.5,2008.48538
230,LT,1,MANISA2019,,2,HELEN,LTMANISA2019HELEN2,NA,NA,NA,NA,NA,NA,21.4,51.9,1219.131868,26.7,51.7,1680.708219,27.7,45.9,1995.708554,29.1,43.6,2256.092437
231,LT,2,MERSIN2015,,2,HELEN,LTMERSIN2015HELEN2,AM,LIMAGRAIN,14.1,12.5,18.4,16.72325581,22.7,62.2,1036.753392,25.4,66.6,1076.572083,28.6,67.7,1255.333521,30.3,60.8,1679.672048
232,LT,2,MERSIN2016,,2,HELEN,LTMERSIN2016HELEN2,AM,LIMAGRAIN,16.02,11,16.1,19.8709206,21.7,65.5,890.5646411,26.8,65.5,1207.559008,29.6,65.6,1416.154616,30,64.4,1499.506342
233,LT,2,MERSIN2019,,2,HELEN,LTMERSIN2019HELEN2,NA,NA,NA,NA,NA,NA,23.3,59.9,1140.338467,27,66.7,1179.277179,28.9,62.6,1478.926321,30,61.7,1613.232947
234,LT,2,SAKARYA2019,,2,HELEN,LTSAKARYA2019HELEN2,NA,NA,NA,NA,NA,NA,20,62.5,872.2403524,23.7,68.7,911.725847,23.5,67,949.7790587,23.9,69.1,910.9231481
235,LT,2,ADANA2015,,2,KALUMET,LTADANA2015KALUMET2,NA,NA,NA,NA,NA,NA,22.5,64.8,953.8388868,25,69.6,956.9160889,28.4,69.8,1160.224222,30,63.4,1541.627307
236,LT,2,ADANA2016,,2,KALUMET,LTADANA2016KALUMET2,AM,KWS,13.497,16,15.7,15.8762386,21.6,69.3,787.6619206,27.1,66.1,1207.562683,29.5,67.5,1330.284186,29.9,69,1298.303609
237,LT,3,ADANA2017,,2,KALUMET,LTADANA2017KALUMET2,AM,KWS,10.69,15,15.5,12.75430648,21.8,68.8,810.2961797,26.2,69.1,1044.129697,30.4,64.4,1534.139224,29.9,67.5,1361.124752
238,LT,3,ADANA2018,,2,KALUMET,LTADANA2018KALUMET2,AM,KWS,11.64,15,20,13.14817276,24.4,62.8,1129.899614,26.4,70.2,1018.867484,29.1,69.8,1208.049497,29.6,68.8,1284.419303
239,LT,3,ADANA2019,,2,KALUMET,LTADANA2019KALUMET2,AM,KWS,6.25,12,10.7,8.158637874,24.1,57.6,1264.982487,27.1,68.7,1114.947256,28.4,68.8,1198.642242,29.6,68,1317.353131
240,LT,3,AYVALIK2015,,2,KALUMET,LTAYVALIK2015KALUMET2,NA,NA,NA,NA,NA,NA,21,57.8,1043.762803,23.7,58.8,1200.099198,27.3,50.2,1794.775957,28.4,53.7,1778.754353
241,LT,3,AYVALIK2017,,2,KALUMET,LTAYVALIK2017KALUMET2,AM,KWS,16.3,17.5,20.3,17.80341777,20.4,59.4,967.8977476,25.1,58.5,1314.090861,27.7,49.7,1855.529395,28,49.9,1880.645094
242,LT,3,AYVALIK2018,,2,KALUMET,LTAYVALIK2018KALUMET2,AM,0,18.5,18.7,24.9,18.76314867,22.5,59,1111.005522,25.2,58.2,1331.461611,28.2,56.9,1636.752826,28.5,53.2,1808.392047
243,LT,4,AYVALIK2019,,2,KALUMET,LTAYVALIK2019KALUMET2,AM,KWS,9.2,19.8,25.6,9.118819934,20.1,65.4,809.7645226,26.4,56.9,1473.596931,26.6,52.4,1646.6684,28.1,48.4,1948.220556
244,LT,4,MANISA2015,,2,KALUMET,LTMANISA2015KALUMET2,NA,NA,NA,NA,NA,NA,21.6,51.7,1239.220546,23.7,58.4,1211.750646,28.8,42.8,2248.882322,28.6,49.8,1951.013707
245,LT,4,MANISA2016,,2,KALUMET,LTMANISA2016KALUMET2,AM,KWS,15.75,12.8,13.5,19.73406977,19.7,58,958.9777322,26.9,47.6,1844.857003,29,42.8,2274.957698,28.8,49.1,2001.190738
246,LT,4,MANISA2017,,2,KALUMET,LTMANISA2017KALUMET2,AM,KWS,15.3,14.1,13,18.99360299,20.8,54.1,1121.454446,25.7,52.3,1565.008969,28.9,43.2,2246.069921,28.5,47.2,2040.237181
247,LT,4,MANISA2018,,2,KALUMET,LTMANISA2018KALUMET2,AM,0,12.1,13.4,13.7,15.02164751,22.9,54.7,1257.549619,25.3,54.8,1448.317966,28.5,49.2,1962.95547,29,49.5,2008.48538
248,LT,4,MANISA2019,,2,KALUMET,LTMANISA2019KALUMET2,AM,KWS,14.5,14,15.2,17.56571429,21.4,51.9,1219.131868,26.7,51.7,1680.708219,27.7,45.9,1995.708554,29.1,43.6,2256.092437
249,LT,1,MERSIN2015,,2,KALUMET,LTMERSIN2015KALUMET2,NA,NA,NA,NA,NA,NA,22.7,62.2,1036.753392,25.4,66.6,1076.572083,28.6,67.7,1255.333521,30.3,60.8,1679.672048
250,LT,1,MERSIN2016,,2,KALUMET,LTMERSIN2016KALUMET2,AM,KWS,15.6,15,19.1,17.81950166,21.7,65.5,890.5646411,26.8,65.5,1207.559008,29.6,65.6,1416.154616,30,64.4,1499.506342
251,LT,1,MERSIN2019,,2,KALUMET,LTMERSIN2019KALUMET2,AM,KWS,10.71,17,16.4,12.3446093,23.3,59.9,1140.338467,27,66.7,1179.277179,28.9,62.6,1478.926321,30,61.7,1613.232947
252,LT,1,SAKARYA2019,,2,KALUMET,LTSAKARYA2019KALUMET2,AM,KWS,9.41,0,20.8,12.37993355,20,62.5,872.2403524,23.7,68.7,911.725847,23.5,67,949.7790587,23.9,69.1,910.9231481
253,LT,1,ADANA2015,,2,KUM,LTADANA2015KUM2,NA,NA,NA,NA,NA,NA,22.5,64.8,953.8388868,25,69.6,956.9160889,28.4,69.8,1160.224222,30,63.4,1541.627307
254,LT,1,ADANA2016,,2,KUM,LTADANA2016KUM2,NA,NA,NA,NA,NA,NA,21.6,69.3,787.6619206,27.1,66.1,1207.562683,29.5,67.5,1330.284186,29.9,69,1298.303609
255,LT,2,ADANA2017,,2,KUM,LTADANA2017KUM2,BM,0,9.36,14,15.6,11.28548571,21.8,68.8,810.2961797,26.2,69.1,1044.129697,30.4,64.4,1534.139224,29.9,67.5,1361.124752
256,LT,2,ADANA2018,,2,KUM,LTADANA2018KUM2,NA,NA,NA,NA,NA,NA,24.4,62.8,1129.899614,26.4,70.2,1018.867484,29.1,69.8,1208.049497,29.6,68.8,1284.419303
257,LT,2,ADANA2019,,2,KUM,LTADANA2019KUM2,BM,0,10.1,13,13.2,12.66962791,24.1,57.6,1264.982487,27.1,68.7,1114.947256,28.4,68.8,1198.642242,29.6,68,1317.353131
258,LT,2,AYVALIK2015,,2,KUM,LTAYVALIK2015KUM2,NA,NA,NA,NA,NA,NA,21,57.8,1043.762803,23.7,58.8,1200.099198,27.3,50.2,1794.775957,28.4,53.7,1778.754353
259,LT,2,AYVALIK2017,,2,KUM,LTAYVALIK2017KUM2,BM,0,16.7,16.3,21.2,18.29665316,20.4,59.4,967.8977476,25.1,58.5,1314.090861,27.7,49.7,1855.529395,28,49.9,1880.645094
260,LT,2,AYVALIK2018,,2,KUM,LTAYVALIK2018KUM2,BM,0,14.45,16.8,20.9,15.79687442,22.5,59,1111.005522,25.2,58.2,1331.461611,28.2,56.9,1636.752826,28.5,53.2,1808.392047
261,LT,3,AYVALIK2019,,2,KUM,LTAYVALIK2019KUM2,BM,0,8.5,13.5,14.1,10.49135797,20.1,65.4,809.7645226,26.4,56.9,1473.596931,26.6,52.4,1646.6684,28.1,48.4,1948.220556
262,LT,3,MANISA2015,,2,KUM,LTMANISA2015KUM2,NA,NA,NA,NA,NA,NA,21.6,51.7,1239.220546,23.7,58.4,1211.750646,28.8,42.8,2248.882322,28.6,49.8,1951.013707
263,LT,3,MANISA2016,,2,KUM,LTMANISA2016KUM2,NA,NA,NA,NA,NA,NA,19.7,58,958.9777322,26.9,47.6,1844.857003,29,42.8,2274.957698,28.8,49.1,2001.190738
264,LT,3,MANISA2017,,2,KUM,LTMANISA2017KUM2,BM,0,14.75,9.7,15.4,18.71775,20.8,54.1,1121.454446,25.7,52.3,1565.008969,28.9,43.2,2246.069921,28.5,47.2,2040.237181
265,LT,3,MANISA2018,,2,KUM,LTMANISA2018KUM2,BM,0,12.5,13.8,17.7,14.73060631,22.9,54.7,1257.549619,25.3,54.8,1448.317966,28.5,49.2,1962.95547,29,49.5,2008.48538
266,LT,3,MANISA2019,,2,KUM,LTMANISA2019KUM2,BM,0,12.35,9,13.5,16.14834302,21.4,51.9,1219.131868,26.7,51.7,1680.708219,27.7,45.9,1995.708554,29.1,43.6,2256.092437
267,LT,4,MERSIN2015,,2,KUM,LTMERSIN2015KUM2,NA,NA,NA,NA,NA,NA,22.7,62.2,1036.753392,25.4,66.6,1076.572083,28.6,67.7,1255.333521,30.3,60.8,1679.672048
268,LT,4,MERSIN2016,,2,KUM,LTMERSIN2016KUM2,NA,NA,NA,NA,NA,NA,21.7,65.5,890.5646411,26.8,65.5,1207.559008,29.6,65.6,1416.154616,30,64.4,1499.506342
269,LT,4,MERSIN2019,,2,KUM,LTMERSIN2019KUM2,BM,0,10.45,11,10.7,13.79625664,23.3,59.9,1140.338467,27,66.7,1179.277179,28.9,62.6,1478.926321,30,61.7,1613.232947
270,LT,4,SAKARYA2019,,2,KUM,LTSAKARYA2019KUM2,BM,0,11.5,0,16.58,15.93571429,20,62.5,872.2403524,23.7,68.7,911.725847,23.5,67,949.7790587,23.9,69.1,910.9231481
271,LT,4,ADANA2015,,2,P1921,LTADANA2015P19212,AM,PIONEER,14.2,14.1,15.7,17.08097243,22.5,64.8,953.8388868,25,69.6,956.9160889,28.4,69.8,1160.224222,30,63.4,1541.627307
272,LT,4,ADANA2016,,2,P1921,LTADANA2016P19212,AM,PIONEER,15.6,12,14.2,19.5658206,21.6,69.3,787.6619206,27.1,66.1,1207.562683,29.5,67.5,1330.284186,29.9,69,1298.303609
273,LT,1,ADANA2017,,2,P1921,LTADANA2017P19212,AM,PIONEER,9.55,14,15.7,11.50092857,21.8,68.8,810.2961797,26.2,69.1,1044.129697,30.4,64.4,1534.139224,29.9,67.5,1361.124752
274,LT,1,ADANA2018,,2,P1921,LTADANA2018P19212,AM,PIONEER,12.45,13,18,14.75387043,24.4,62.8,1129.899614,26.4,70.2,1018.867484,29.1,69.8,1208.049497,29.6,68.8,1284.419303
275,LT,1,ADANA2019,,2,P1921,LTADANA2019P19212,NA,NA,NA,NA,NA,NA,24.1,57.6,1264.982487,27.1,68.7,1114.947256,28.4,68.8,1198.642242,29.6,68,1317.353131
276,LT,1,AYVALIK2015,,2,P1921,LTAYVALIK2015P19212,AM,PIONEER,12.7,13.4,16.5,15.25497841,21,57.8,1043.762803,23.7,58.8,1200.099198,27.3,50.2,1794.775957,28.4,53.7,1778.754353
277,LT,1,AYVALIK2017,,2,P1921,LTAYVALIK2017P19212,AM,PIONEER,15.4,16.6,20.3,17.00390233,20.4,59.4,967.8977476,25.1,58.5,1314.090861,27.7,49.7,1855.529395,28,49.9,1880.645094
278,LT,1,AYVALIK2018,,2,P1921,LTAYVALIK2018P19212,AM,0,16.4,16.7,20.4,18.06364651,22.5,59,1111.005522,25.2,58.2,1331.461611,28.2,56.9,1636.752826,28.5,53.2,1808.392047
279,LT,2,AYVALIK2019,,2,P1921,LTAYVALIK2019P19212,NA,NA,NA,NA,NA,NA,20.1,65.4,809.7645226,26.4,56.9,1473.596931,26.6,52.4,1646.6684,28.1,48.4,1948.220556
280,LT,2,MANISA2015,,2,P1921,LTMANISA2015P19212,AM,PIONEER,15.1,13.2,17,18.07083721,21.6,51.7,1239.220546,23.7,58.4,1211.750646,28.8,42.8,2248.882322,28.6,49.8,1951.013707
281,LT,2,MANISA2016,,2,P1921,LTMANISA2016P19212,AM,PIONEER,14.25,8,12.9,18.96812292,19.7,58,958.9777322,26.9,47.6,1844.857003,29,42.8,2274.957698,28.8,49.1,2001.190738
282,LT,2,MANISA2017,,2,P1921,LTMANISA2017P19212,AM,PIONEER,14.7,9.2,10.4,19.86619535,20.8,54.1,1121.454446,25.7,52.3,1565.008969,28.9,43.2,2246.069921,28.5,47.2,2040.237181
283,LT,2,MANISA2018,,2,P1921,LTMANISA2018P19212,AM,0,10.85,10.4,13.9,13.90414884,22.9,54.7,1257.549619,25.3,54.8,1448.317966,28.5,49.2,1962.95547,29,49.5,2008.48538
284,LT,2,MANISA2019,,2,P1921,LTMANISA2019P19212,NA,NA,NA,NA,NA,NA,21.4,51.9,1219.131868,26.7,51.7,1680.708219,27.7,45.9,1995.708554,29.1,43.6,2256.092437
285,LT,3,MERSIN2015,,2,P1921,LTMERSIN2015P19212,AM,PIONEER,13.9,10.6,18.3,16.86467143,22.7,62.2,1036.753392,25.4,66.6,1076.572083,28.6,67.7,1255.333521,30.3,60.8,1679.672048
286,LT,3,MERSIN2016,,2,P1921,LTMERSIN2016P19212,AM,PIONEER,14.45,12,18.5,17.21518272,21.7,65.5,890.5646411,26.8,65.5,1207.559008,29.6,65.6,1416.154616,30,64.4,1499.506342
287,LT,3,MERSIN2019,,2,P1921,LTMERSIN2019P19212,NA,NA,NA,NA,NA,NA,23.3,59.9,1140.338467,27,66.7,1179.277179,28.9,62.6,1478.926321,30,61.7,1613.232947
288,LT,3,SAKARYA2019,,2,P1921,LTSAKARYA2019P19212,NA,NA,NA,NA,NA,NA,20,62.5,872.2403524,23.7,68.7,911.725847,23.5,67,949.7790587,23.9,69.1,910.9231481
289,LT,3,ADANA2015,,3,ALBAYRAK,LTADANA2015ALBAYRAK3,AM,0,11.6,17.1,15.4,13.51407708,22.5,64.8,953.8388868,25,69.6,956.9160889,28.4,69.8,1160.224222,30,63.4,1541.627307
290,LT,3,ADANA2016,,3,ALBAYRAK,LTADANA2016ALBAYRAK3,AM,0,12.1,12,16.5,14.76923588,21.6,69.3,787.6619206,27.1,66.1,1207.562683,29.5,67.5,1330.284186,29.9,69,1298.303609
291,LT,4,ADANA2017,,3,ALBAYRAK,LTADANA2017ALBAYRAK3,AM,OS-TAREKS,11.28,12,19.4,13.29016346,21.8,68.8,810.2961797,26.2,69.1,1044.129697,30.4,64.4,1534.139224,29.9,67.5,1361.124752
292,LT,4,ADANA2018,,3,ALBAYRAK,LTADANA2018ALBAYRAK3,AM,OS-TAREKS,13.24,12,19.3,15.61880133,24.4,62.8,1129.899614,26.4,70.2,1018.867484,29.1,69.8,1208.049497,29.6,68.8,1284.419303
293,LT,4,ADANA2019,,3,ALBAYRAK,LTADANA2019ALBAYRAK3,AM,OS-TAREKS,5.59,16,12.6,6.8172,24.1,57.6,1264.982487,27.1,68.7,1114.947256,28.4,68.8,1198.642242,29.6,68,1317.353131
294,LT,4,AYVALIK2015,,3,ALBAYRAK,LTAYVALIK2015ALBAYRAK3,AM,0,17.8,15.2,18.6,20.41003588,21,57.8,1043.762803,23.7,58.8,1200.099198,27.3,50.2,1794.775957,28.4,53.7,1778.754353
295,LT,4,AYVALIK2017,,3,ALBAYRAK,LTAYVALIK2017ALBAYRAK3,AM,OS-TAREKS,15.2,13.9,22.9,16.7611814,20.4,59.4,967.8977476,25.1,58.5,1314.090861,27.7,49.7,1855.529395,28,49.9,1880.645094
296,LT,4,AYVALIK2018,,3,ALBAYRAK,LTAYVALIK2018ALBAYRAK3,AM,0,16.85,14.5,23.6,18.2836495,22.5,59,1111.005522,25.2,58.2,1331.461611,28.2,56.9,1636.752826,28.5,53.2,1808.392047
297,LT,1,AYVALIK2019,,3,ALBAYRAK,LTAYVALIK2019ALBAYRAK3,AM,OS-TAREKS,12.2,14.4,24.2,13.1494113,20.1,65.4,809.7645226,26.4,56.9,1473.596931,26.6,52.4,1646.6684,28.1,48.4,1948.220556
298,LT,1,MANISA2015,,3,ALBAYRAK,LTMANISA2015ALBAYRAK3,AM,0,14.5,11.2,14.5,18.28734219,21.6,51.7,1239.220546,23.7,58.4,1211.750646,28.8,42.8,2248.882322,28.6,49.8,1951.013707
299,LT,1,MANISA2016,,3,ALBAYRAK,LTMANISA2016ALBAYRAK3,AM,0,13.3,9.2,13.7,17.3121814,19.7,58,958.9777322,26.9,47.6,1844.857003,29,42.8,2274.957698,28.8,49.1,2001.190738
300,LT,1,MANISA2017,,3,ALBAYRAK,LTMANISA2017ALBAYRAK3,AM,OS-TAREKS,13.95,9.1,13.7,18.17826354,20.8,54.1,1121.454446,25.7,52.3,1565.008969,28.9,43.2,2246.069921,28.5,47.2,2040.237181
301,LT,1,MANISA2018,,3,ALBAYRAK,LTMANISA2018ALBAYRAK3,AM,0,10.4,9,14.3,13.47283721,22.9,54.7,1257.549619,25.3,54.8,1448.317966,28.5,49.2,1962.95547,29,49.5,2008.48538
302,LT,1,MANISA2019,,3,ALBAYRAK,LTMANISA2019ALBAYRAK3,AM,OS-TAREKS,15.5,10.2,16.8,19.23689037,21.4,51.9,1219.131868,26.7,51.7,1680.708219,27.7,45.9,1995.708554,29.1,43.6,2256.092437
303,LT,1,MERSIN2015,,3,ALBAYRAK,LTMERSIN2015ALBAYRAK3,AM,0,10.6,10.8,16.6,13.09906445,22.7,62.2,1036.753392,25.4,66.6,1076.572083,28.6,67.7,1255.333521,30.3,60.8,1679.672048
304,LT,2,MERSIN2016,,3,ALBAYRAK,LTMERSIN2016ALBAYRAK3,AM,0,14.62,13,16.9,17.28317143,21.7,65.5,890.5646411,26.8,65.5,1207.559008,29.6,65.6,1416.154616,30,64.4,1499.506342
305,LT,2,MERSIN2019,,3,ALBAYRAK,LTMERSIN2019ALBAYRAK3,AM,OS-TAREKS,12.41,10,17.9,15.2321412,23.3,59.9,1140.338467,27,66.7,1179.277179,28.9,62.6,1478.926321,30,61.7,1613.232947
306,LT,2,SAKARYA2019,,3,ALBAYRAK,LTSAKARYA2019ALBAYRAK3,AM,OS-TAREKS,8.57,0,17.6,11.73036545,20,62.5,872.2403524,23.7,68.7,911.725847,23.5,67,949.7790587,23.9,69.1,910.9231481
307,LT,2,ADANA2015,,3,DKC6589,LTADANA2015DKC65893,BM,DEKALB,13.8,15.1,16.8,16.19248904,22.5,64.8,953.8388868,25,69.6,956.9160889,28.4,69.8,1160.224222,30,63.4,1541.627307
308,LT,2,ADANA2016,,3,DKC6589,LTADANA2016DKC65893,BM,DEKALB,11.099,14,15.2,13.44564571,21.6,69.3,787.6619206,27.1,66.1,1207.562683,29.5,67.5,1330.284186,29.9,69,1298.303609
309,LT,2,ADANA2017,,3,DKC6589,LTADANA2017DKC65893,BM,DEKALB,13.02,14,15.9,15.6426,21.8,68.8,810.2961797,26.2,69.1,1044.129697,30.4,64.4,1534.139224,29.9,67.5,1361.124752
310,LT,2,ADANA2018,,3,DKC6589,LTADANA2018DKC65893,NA,NA,NA,NA,NA,NA,24.4,62.8,1129.899614,26.4,70.2,1018.867484,29.1,69.8,1208.049497,29.6,68.8,1284.419303
311,LT,3,ADANA2019,,3,DKC6589,LTADANA2019DKC65893,NA,NA,NA,NA,NA,NA,24.1,57.6,1264.982487,27.1,68.7,1114.947256,28.4,68.8,1198.642242,29.6,68,1317.353131
312,LT,3,AYVALIK2015,,3,DKC6589,LTAYVALIK2015DKC65893,BM,DEKALB,15.7,14.8,18.7,18.06480598,21,57.8,1043.762803,23.7,58.8,1200.099198,27.3,50.2,1794.775957,28.4,53.7,1778.754353
313,LT,3,AYVALIK2017,,3,DKC6589,LTAYVALIK2017DKC65893,BM,DEKALB,16.5,13.8,18.6,19.23176412,20.4,59.4,967.8977476,25.1,58.5,1314.090861,27.7,49.7,1855.529395,28,49.9,1880.645094
314,LT,3,AYVALIK2018,,3,DKC6589,LTAYVALIK2018DKC65893,NA,NA,NA,NA,NA,NA,22.5,59,1111.005522,25.2,58.2,1331.461611,28.2,56.9,1636.752826,28.5,53.2,1808.392047
315,LT,3,AYVALIK2019,,3,DKC6589,LTAYVALIK2019DKC65893,NA,NA,NA,NA,NA,NA,20.1,65.4,809.7645226,26.4,56.9,1473.596931,26.6,52.4,1646.6684,28.1,48.4,1948.220556
316,LT,3,MANISA2015,,3,DKC6589,LTMANISA2015DKC65893,BM,DEKALB,17.4,16.8,21.3,18.9256505,21.6,51.7,1239.220546,23.7,58.4,1211.750646,28.8,42.8,2248.882322,28.6,49.8,1951.013707
317,LT,3,MANISA2016,,3,DKC6589,LTMANISA2016DKC65893,BM,DEKALB,13.25,10.9,12,17.25757475,19.7,58,958.9777322,26.9,47.6,1844.857003,29,42.8,2274.957698,28.8,49.1,2001.190738
318,LT,4,MANISA2017,,3,DKC6589,LTMANISA2017DKC65893,BM,DEKALB,12.65,10.4,11.7,16.62504186,20.8,54.1,1121.454446,25.7,52.3,1565.008969,28.9,43.2,2246.069921,28.5,47.2,2040.237181
319,LT,4,MANISA2018,,3,DKC6589,LTMANISA2018DKC65893,NA,NA,NA,NA,NA,NA,22.9,54.7,1257.549619,25.3,54.8,1448.317966,28.5,49.2,1962.95547,29,49.5,2008.48538
320,LT,4,MANISA2019,,3,DKC6589,LTMANISA2019DKC65893,NA,NA,NA,NA,NA,NA,21.4,51.9,1219.131868,26.7,51.7,1680.708219,27.7,45.9,1995.708554,29.1,43.6,2256.092437
321,LT,4,MERSIN2015,,3,DKC6589,LTMERSIN2015DKC65893,BM,DEKALB,13.9,12.2,19.2,16.38038804,22.7,62.2,1036.753392,25.4,66.6,1076.572083,28.6,67.7,1255.333521,30.3,60.8,1679.672048
322,LT,4,MERSIN2016,,3,DKC6589,LTMERSIN2016DKC65893,BM,DEKALB,11.71,15,18,13.9051387,21.7,65.5,890.5646411,26.8,65.5,1207.559008,29.6,65.6,1416.154616,30,64.4,1499.506342
323,LT,4,MERSIN2019,,3,DKC6589,LTMERSIN2019DKC65893,NA,NA,NA,NA,NA,NA,23.3,59.9,1140.338467,27,66.7,1179.277179,28.9,62.6,1478.926321,30,61.7,1613.232947
324,LT,4,SAKARYA2019,,3,DKC6589,LTSAKARYA2019DKC65893,NA,NA,NA,NA,NA,NA,20,62.5,872.2403524,23.7,68.7,911.725847,23.5,67,949.7790587,23.9,69.1,910.9231481
325,LT,1,ADANA2015,,3,H22,LTADANA2015H223,NA,NA,NA,NA,NA,NA,22.5,64.8,953.8388868,25,69.6,956.9160889,28.4,69.8,1160.224222,30,63.4,1541.627307
326,LT,1,ADANA2016,,3,H22,LTADANA2016H223,AM,0,12.433,10,13.3,16.1153985,21.6,69.3,787.6619206,27.1,66.1,1207.562683,29.5,67.5,1330.284186,29.9,69,1298.303609
327,LT,1,ADANA2017,,3,H22,LTADANA2017H223,NA,NA,NA,NA,NA,NA,21.8,68.8,810.2961797,26.2,69.1,1044.129697,30.4,64.4,1534.139224,29.9,67.5,1361.124752
328,LT,1,ADANA2018,,3,H22,LTADANA2018H223,AM,0,10.36,11,17.5,12.63593023,24.4,62.8,1129.899614,26.4,70.2,1018.867484,29.1,69.8,1208.049497,29.6,68.8,1284.419303
329,LT,1,ADANA2019,,3,H22,LTADANA2019H223,NA,NA,NA,NA,NA,NA,24.1,57.6,1264.982487,27.1,68.7,1114.947256,28.4,68.8,1198.642242,29.6,68,1317.353131
330,LT,1,AYVALIK2015,,3,H22,LTAYVALIK2015H223,NA,NA,NA,NA,NA,NA,21,57.8,1043.762803,23.7,58.8,1200.099198,27.3,50.2,1794.775957,28.4,53.7,1778.754353
331,LT,1,AYVALIK2017,,3,H22,LTAYVALIK2017H223,NA,NA,NA,NA,NA,NA,20.4,59.4,967.8977476,25.1,58.5,1314.090861,27.7,49.7,1855.529395,28,49.9,1880.645094
332,LT,2,AYVALIK2018,,3,H22,LTAYVALIK2018H223,AM,0,13.5,12.7,21.4,15.38771262,22.5,59,1111.005522,25.2,58.2,1331.461611,28.2,56.9,1636.752826,28.5,53.2,1808.392047
333,LT,2,AYVALIK2019,,3,H22,LTAYVALIK2019H223,NA,NA,NA,NA,NA,NA,20.1,65.4,809.7645226,26.4,56.9,1473.596931,26.6,52.4,1646.6684,28.1,48.4,1948.220556
334,LT,2,MANISA2015,,3,H22,LTMANISA2015H223,NA,NA,NA,NA,NA,NA,21.6,51.7,1239.220546,23.7,58.4,1211.750646,28.8,42.8,2248.882322,28.6,49.8,1951.013707
335,LT,2,MANISA2016,,3,H22,LTMANISA2016H223,AM,0,13.35,7.4,11.7,18.132449,19.7,58,958.9777322,26.9,47.6,1844.857003,29,42.8,2274.957698,28.8,49.1,2001.190738
336,LT,2,MANISA2017,,3,H22,LTMANISA2017H223,NA,NA,NA,NA,NA,NA,20.8,54.1,1121.454446,25.7,52.3,1565.008969,28.9,43.2,2246.069921,28.5,47.2,2040.237181
337,LT,2,MANISA2018,,3,H22,LTMANISA2018H223,AM,0,11.25,11.5,14.3,14.17359842,22.9,54.7,1257.549619,25.3,54.8,1448.317966,28.5,49.2,1962.95547,29,49.5,2008.48538
338,LT,2,MANISA2019,,3,H22,LTMANISA2019H223,NA,NA,NA,NA,NA,NA,21.4,51.9,1219.131868,26.7,51.7,1680.708219,27.7,45.9,1995.708554,29.1,43.6,2256.092437
339,LT,3,MERSIN2015,,3,H22,LTMERSIN2015H223,NA,NA,NA,NA,NA,NA,22.7,62.2,1036.753392,25.4,66.6,1076.572083,28.6,67.7,1255.333521,30.3,60.8,1679.672048
340,LT,3,MERSIN2016,,3,H22,LTMERSIN2016H223,AM,0,13.25,11,16,16.06287375,21.7,65.5,890.5646411,26.8,65.5,1207.559008,29.6,65.6,1416.154616,30,64.4,1499.506342
341,LT,3,MERSIN2019,,3,H22,LTMERSIN2019H223,NA,NA,NA,NA,NA,NA,23.3,59.9,1140.338467,27,66.7,1179.277179,28.9,62.6,1478.926321,30,61.7,1613.232947
342,LT,3,SAKARYA2019,,3,H22,LTSAKARYA2019H223,NA,NA,NA,NA,NA,NA,20,62.5,872.2403524,23.7,68.7,911.725847,23.5,67,949.7790587,23.9,69.1,910.9231481
343,LT,3,ADANA2015,,3,H3,LTADANA2015H33,BM,0,13.2,12.1,15.7,16.24777475,22.5,64.8,953.8388868,25,69.6,956.9160889,28.4,69.8,1160.224222,30,63.4,1541.627307
344,LT,3,ADANA2016,,3,H3,LTADANA2016H33,BM,0,12.266,13,13.9,15.26261233,21.6,69.3,787.6619206,27.1,66.1,1207.562683,29.5,67.5,1330.284186,29.9,69,1298.303609
345,LT,3,ADANA2017,,3,H3,LTADANA2017H33,NA,NA,NA,NA,NA,NA,21.8,68.8,810.2961797,26.2,69.1,1044.129697,30.4,64.4,1534.139224,29.9,67.5,1361.124752
346,LT,4,ADANA2018,,3,H3,LTADANA2018H33,NA,NA,NA,NA,NA,NA,24.4,62.8,1129.899614,26.4,70.2,1018.867484,29.1,69.8,1208.049497,29.6,68.8,1284.419303
347,LT,4,ADANA2019,,3,H3,LTADANA2019H33,NA,NA,NA,NA,NA,NA,24.1,57.6,1264.982487,27.1,68.7,1114.947256,28.4,68.8,1198.642242,29.6,68,1317.353131
348,LT,4,AYVALIK2015,,3,H3,LTAYVALIK2015H33,BM,0,19.4,14.6,23.4,21.08103256,21,57.8,1043.762803,23.7,58.8,1200.099198,27.3,50.2,1794.775957,28.4,53.7,1778.754353
349,LT,4,AYVALIK2017,,3,H3,LTAYVALIK2017H33,NA,NA,NA,NA,NA,NA,20.4,59.4,967.8977476,25.1,58.5,1314.090861,27.7,49.7,1855.529395,28,49.9,1880.645094
350,LT,4,AYVALIK2018,,3,H3,LTAYVALIK2018H33,NA,NA,NA,NA,NA,NA,22.5,59,1111.005522,25.2,58.2,1331.461611,28.2,56.9,1636.752826,28.5,53.2,1808.392047
351,LT,4,AYVALIK2019,,3,H3,LTAYVALIK2019H33,NA,NA,NA,NA,NA,NA,20.1,65.4,809.7645226,26.4,56.9,1473.596931,26.6,52.4,1646.6684,28.1,48.4,1948.220556
352,LT,4,MANISA2015,,3,H3,LTMANISA2015H33,BM,0,16.1,11.3,15.8,19.97400233,21.6,51.7,1239.220546,23.7,58.4,1211.750646,28.8,42.8,2248.882322,28.6,49.8,1951.013707
353,LT,1,MANISA2016,,3,H3,LTMANISA2016H33,BM,0,13.6,10.3,11.7,17.89351096,19.7,58,958.9777322,26.9,47.6,1844.857003,29,42.8,2274.957698,28.8,49.1,2001.190738
354,LT,1,MANISA2017,,3,H3,LTMANISA2017H33,NA,NA,NA,NA,NA,NA,20.8,54.1,1121.454446,25.7,52.3,1565.008969,28.9,43.2,2246.069921,28.5,47.2,2040.237181
355,LT,1,MANISA2018,,3,H3,LTMANISA2018H33,NA,NA,NA,NA,NA,NA,22.9,54.7,1257.549619,25.3,54.8,1448.317966,28.5,49.2,1962.95547,29,49.5,2008.48538
356,LT,1,MANISA2019,,3,H3,LTMANISA2019H33,NA,NA,NA,NA,NA,NA,21.4,51.9,1219.131868,26.7,51.7,1680.708219,27.7,45.9,1995.708554,29.1,43.6,2256.092437
357,LT,1,MERSIN2015,,3,H3,LTMERSIN2015H33,BM,0,13.6,12.2,16.3,16.60207575,22.7,62.2,1036.753392,25.4,66.6,1076.572083,28.6,67.7,1255.333521,30.3,60.8,1679.672048
358,LT,1,MERSIN2016,,3,H3,LTMERSIN2016H33,BM,0,13.62,14,19,16.67477143,21.7,65.5,890.5646411,26.8,65.5,1207.559008,29.6,65.6,1416.154616,30,64.4,1499.506342
359,LT,2,MERSIN2019,,3,H3,LTMERSIN2019H33,NA,NA,NA,NA,NA,NA,23.3,59.9,1140.338467,27,66.7,1179.277179,28.9,62.6,1478.926321,30,61.7,1613.232947
360,LT,2,SAKARYA2019,,3,H3,LTSAKARYA2019H33,NA,NA,NA,NA,NA,NA,20,62.5,872.2403524,23.7,68.7,911.725847,23.5,67,949.7790587,23.9,69.1,910.9231481
361,LT,2,ADANA2015,,3,HELEN,LTADANA2015HELEN3,AM,LIMAGRAIN,15.2,17.1,14.7,17.85462193,22.5,64.8,953.8388868,25,69.6,956.9160889,28.4,69.8,1160.224222,30,63.4,1541.627307
362,LT,2,ADANA2016,,3,HELEN,LTADANA2016HELEN3,AM,LIMAGRAIN,12.4,11,16.1,15.38073754,21.6,69.3,787.6619206,27.1,66.1,1207.562683,29.5,67.5,1330.284186,29.9,69,1298.303609
363,LT,2,ADANA2017,,3,HELEN,LTADANA2017HELEN3,AM,LIMAGRAIN,10.48,11,14.9,13.18512824,21.8,68.8,810.2961797,26.2,69.1,1044.129697,30.4,64.4,1534.139224,29.9,67.5,1361.124752
364,LT,2,ADANA2018,,3,HELEN,LTADANA2018HELEN3,NA,NA,NA,NA,NA,NA,24.4,62.8,1129.899614,26.4,70.2,1018.867484,29.1,69.8,1208.049497,29.6,68.8,1284.419303
365,LT,3,ADANA2019,,3,HELEN,LTADANA2019HELEN3,NA,NA,NA,NA,NA,NA,24.1,57.6,1264.982487,27.1,68.7,1114.947256,28.4,68.8,1198.642242,29.6,68,1317.353131
366,LT,3,AYVALIK2015,,3,HELEN,LTAYVALIK2015HELEN3,AM,LIMAGRAIN,18.3,12.9,24.1,20.09622708,21,57.8,1043.762803,23.7,58.8,1200.099198,27.3,50.2,1794.775957,28.4,53.7,1778.754353
367,LT,3,AYVALIK2017,,3,HELEN,LTAYVALIK2017HELEN3,AM,LIMAGRAIN,15.8,13.9,23.1,17.37761163,20.4,59.4,967.8977476,25.1,58.5,1314.090861,27.7,49.7,1855.529395,28,49.9,1880.645094
368,LT,3,AYVALIK2018,,3,HELEN,LTAYVALIK2018HELEN3,NA,NA,NA,NA,NA,NA,22.5,59,1111.005522,25.2,58.2,1331.461611,28.2,56.9,1636.752826,28.5,53.2,1808.392047
369,LT,3,AYVALIK2019,,3,HELEN,LTAYVALIK2019HELEN3,NA,NA,NA,NA,NA,NA,20.1,65.4,809.7645226,26.4,56.9,1473.596931,26.6,52.4,1646.6684,28.1,48.4,1948.220556
370,LT,3,MANISA2015,,3,HELEN,LTMANISA2015HELEN3,AM,LIMAGRAIN,14.55,11.7,17.3,17.64951254,21.6,51.7,1239.220546,23.7,58.4,1211.750646,28.8,42.8,2248.882322,28.6,49.8,1951.013707
371,LT,4,MANISA2016,,3,HELEN,LTMANISA2016HELEN3,AM,LIMAGRAIN,13.2,8.3,13.6,17.37242791,19.7,58,958.9777322,26.9,47.6,1844.857003,29,42.8,2274.957698,28.8,49.1,2001.190738
372,LT,4,MANISA2017,,3,HELEN,LTMANISA2017HELEN3,AM,LIMAGRAIN,13.75,8.2,11.6,18.53536545,20.8,54.1,1121.454446,25.7,52.3,1565.008969,28.9,43.2,2246.069921,28.5,47.2,2040.237181
373,LT,4,MANISA2018,,3,HELEN,LTMANISA2018HELEN3,NA,NA,NA,NA,NA,NA,22.9,54.7,1257.549619,25.3,54.8,1448.317966,28.5,49.2,1962.95547,29,49.5,2008.48538
374,LT,4,MANISA2019,,3,HELEN,LTMANISA2019HELEN3,NA,NA,NA,NA,NA,NA,21.4,51.9,1219.131868,26.7,51.7,1680.708219,27.7,45.9,1995.708554,29.1,43.6,2256.092437
375,LT,4,MERSIN2015,,3,HELEN,LTMERSIN2015HELEN3,AM,LIMAGRAIN,13.6,12.5,18.7,16.07093023,22.7,62.2,1036.753392,25.4,66.6,1076.572083,28.6,67.7,1255.333521,30.3,60.8,1679.672048
376,LT,4,MERSIN2016,,3,HELEN,LTMERSIN2016HELEN3,AM,LIMAGRAIN,12.31,12,15.9,14.82761993,21.7,65.5,890.5646411,26.8,65.5,1207.559008,29.6,65.6,1416.154616,30,64.4,1499.506342
377,LT,1,MERSIN2019,,3,HELEN,LTMERSIN2019HELEN3,NA,NA,NA,NA,NA,NA,23.3,59.9,1140.338467,27,66.7,1179.277179,28.9,62.6,1478.926321,30,61.7,1613.232947
378,LT,1,SAKARYA2019,,3,HELEN,LTSAKARYA2019HELEN3,NA,NA,NA,NA,NA,NA,20,62.5,872.2403524,23.7,68.7,911.725847,23.5,67,949.7790587,23.9,69.1,910.9231481
379,LT,1,ADANA2015,,3,KALUMET,LTADANA2015KALUMET3,NA,NA,NA,NA,NA,NA,22.5,64.8,953.8388868,25,69.6,956.9160889,28.4,69.8,1160.224222,30,63.4,1541.627307
380,LT,2,ADANA2016,,3,KALUMET,LTADANA2016KALUMET3,AM,KWS,14.666,16,16,17.18991628,21.6,69.3,787.6619206,27.1,66.1,1207.562683,29.5,67.5,1330.284186,29.9,69,1298.303609
381,LT,2,ADANA2017,,3,KALUMET,LTADANA2017KALUMET3,AM,KWS,11.18,15,14.4,13.51257143,21.8,68.8,810.2961797,26.2,69.1,1044.129697,30.4,64.4,1534.139224,29.9,67.5,1361.124752
382,LT,2,ADANA2018,,3,KALUMET,LTADANA2018KALUMET3,AM,KWS,12.75,16,23,13.69883721,24.4,62.8,1129.899614,26.4,70.2,1018.867484,29.1,69.8,1208.049497,29.6,68.8,1284.419303
383,LT,3,ADANA2019,,3,KALUMET,LTADANA2019KALUMET3,AM,KWS,9.23,12,10.7,12.04867641,24.1,57.6,1264.982487,27.1,68.7,1114.947256,28.4,68.8,1198.642242,29.6,68,1317.353131
384,LT,3,AYVALIK2015,,3,KALUMET,LTAYVALIK2015KALUMET3,NA,NA,NA,NA,NA,NA,21,57.8,1043.762803,23.7,58.8,1200.099198,27.3,50.2,1794.775957,28.4,53.7,1778.754353
385,LT,3,AYVALIK2017,,3,KALUMET,LTAYVALIK2017KALUMET3,AM,KWS,17.8,17.6,22.4,18.90655681,20.4,59.4,967.8977476,25.1,58.5,1314.090861,27.7,49.7,1855.529395,28,49.9,1880.645094
386,LT,4,AYVALIK2018,,3,KALUMET,LTAYVALIK2018KALUMET3,AM,0,17.8,18.5,25.2,18.02530897,22.5,59,1111.005522,25.2,58.2,1331.461611,28.2,56.9,1636.752826,28.5,53.2,1808.392047
387,LT,4,AYVALIK2019,,3,KALUMET,LTAYVALIK2019KALUMET3,AM,KWS,11.9,16.9,23.3,12.59931279,20.1,65.4,809.7645226,26.4,56.9,1473.596931,26.6,52.4,1646.6684,28.1,48.4,1948.220556
388,LT,4,MANISA2015,,3,KALUMET,LTMANISA2015KALUMET3,NA,NA,NA,NA,NA,NA,21.6,51.7,1239.220546,23.7,58.4,1211.750646,28.8,42.8,2248.882322,28.6,49.8,1951.013707
389,LT,1,MANISA2016,,3,KALUMET,LTMANISA2016KALUMET3,AM,KWS,14.6,13,13.3,18.29341196,19.7,58,958.9777322,26.9,47.6,1844.857003,29,42.8,2274.957698,28.8,49.1,2001.190738
390,LT,1,MANISA2017,,3,KALUMET,LTMANISA2017KALUMET3,AM,KWS,13,13.9,13.6,16.06437209,20.8,54.1,1121.454446,25.7,52.3,1565.008969,28.9,43.2,2246.069921,28.5,47.2,2040.237181
391,LT,1,MANISA2018,,3,KALUMET,LTMANISA2018KALUMET3,AM,0,12.2,15.2,17.2,14.22949635,22.9,54.7,1257.549619,25.3,54.8,1448.317966,28.5,49.2,1962.95547,29,49.5,2008.48538
392,LT,2,MANISA2019,,3,KALUMET,LTMANISA2019KALUMET3,AM,KWS,15.85,14.4,17.2,18.66108439,21.4,51.9,1219.131868,26.7,51.7,1680.708219,27.7,45.9,1995.708554,29.1,43.6,2256.092437
393,LT,2,MERSIN2015,,3,KALUMET,LTMERSIN2015KALUMET3,NA,NA,NA,NA,NA,NA,22.7,62.2,1036.753392,25.4,66.6,1076.572083,28.6,67.7,1255.333521,30.3,60.8,1679.672048
394,LT,2,MERSIN2016,,3,KALUMET,LTMERSIN2016KALUMET3,AM,KWS,14.95,16,17.6,17.1055814,21.7,65.5,890.5646411,26.8,65.5,1207.559008,29.6,65.6,1416.154616,30,64.4,1499.506342
395,LT,3,MERSIN2019,,3,KALUMET,LTMERSIN2019KALUMET3,AM,KWS,13.95,15,15,16.74231728,23.3,59.9,1140.338467,27,66.7,1179.277179,28.9,62.6,1478.926321,30,61.7,1613.232947
396,LT,3,SAKARYA2019,,3,KALUMET,LTSAKARYA2019KALUMET3,AM,KWS,10.67,0,19.8,14.2148505,20,62.5,872.2403524,23.7,68.7,911.725847,23.5,67,949.7790587,23.9,69.1,910.9231481
397,LT,3,ADANA2015,,3,KUM,LTADANA2015KUM3,NA,NA,NA,NA,NA,NA,22.5,64.8,953.8388868,25,69.6,956.9160889,28.4,69.8,1160.224222,30,63.4,1541.627307
398,LT,4,ADANA2016,,3,KUM,LTADANA2016KUM3,NA,NA,NA,NA,NA,NA,21.6,69.3,787.6619206,27.1,66.1,1207.562683,29.5,67.5,1330.284186,29.9,69,1298.303609
399,LT,4,ADANA2017,,3,KUM,LTADANA2017KUM3,BM,0,12.96,15,17.5,15.09667774,21.8,68.8,810.2961797,26.2,69.1,1044.129697,30.4,64.4,1534.139224,29.9,67.5,1361.124752
400,LT,4,ADANA2018,,3,KUM,LTADANA2018KUM3,NA,NA,NA,NA,NA,NA,24.4,62.8,1129.899614,26.4,70.2,1018.867484,29.1,69.8,1208.049497,29.6,68.8,1284.419303
401,LT,1,ADANA2019,,3,KUM,LTADANA2019KUM3,BM,0,7.34,13,13.2,9.207432558,24.1,57.6,1264.982487,27.1,68.7,1114.947256,28.4,68.8,1198.642242,29.6,68,1317.353131
402,LT,1,AYVALIK2015,,3,KUM,LTAYVALIK2015KUM3,NA,NA,NA,NA,NA,NA,21,57.8,1043.762803,23.7,58.8,1200.099198,27.3,50.2,1794.775957,28.4,53.7,1778.754353
403,LT,1,AYVALIK2017,,3,KUM,LTAYVALIK2017KUM3,BM,0,18.25,16.6,22.5,19.59449751,20.4,59.4,967.8977476,25.1,58.5,1314.090861,27.7,49.7,1855.529395,28,49.9,1880.645094
404,LT,2,AYVALIK2018,,3,KUM,LTAYVALIK2018KUM3,BM,0,15.15,19.2,25.5,15.14899336,22.5,59,1111.005522,25.2,58.2,1331.461611,28.2,56.9,1636.752826,28.5,53.2,1808.392047
405,LT,2,AYVALIK2019,,3,KUM,LTAYVALIK2019KUM3,BM,0,11.2,14.4,19.7,12.78824186,20.1,65.4,809.7645226,26.4,56.9,1473.596931,26.6,52.4,1646.6684,28.1,48.4,1948.220556
406,LT,2,MANISA2015,,3,KUM,LTMANISA2015KUM3,NA,NA,NA,NA,NA,NA,21.6,51.7,1239.220546,23.7,58.4,1211.750646,28.8,42.8,2248.882322,28.6,49.8,1951.013707
407,LT,3,MANISA2016,,3,KUM,LTMANISA2016KUM3,NA,NA,NA,NA,NA,NA,19.7,58,958.9777322,26.9,47.6,1844.857003,29,42.8,2274.957698,28.8,49.1,2001.190738
408,LT,3,MANISA2017,,3,KUM,LTMANISA2017KUM3,BM,0,15.15,14.3,12.5,18.87143895,20.8,54.1,1121.454446,25.7,52.3,1565.008969,28.9,43.2,2246.069921,28.5,47.2,2040.237181
409,LT,3,MANISA2018,,3,KUM,LTMANISA2018KUM3,BM,0,12.05,14.5,15.5,14.46150125,22.9,54.7,1257.549619,25.3,54.8,1448.317966,28.5,49.2,1962.95547,29,49.5,2008.48538
410,LT,4,MANISA2019,,3,KUM,LTMANISA2019KUM3,BM,0,12.55,8.4,10.8,17.03364385,21.4,51.9,1219.131868,26.7,51.7,1680.708219,27.7,45.9,1995.708554,29.1,43.6,2256.092437
411,LT,4,MERSIN2015,,3,KUM,LTMERSIN2015KUM3,NA,NA,NA,NA,NA,NA,22.7,62.2,1036.753392,25.4,66.6,1076.572083,28.6,67.7,1255.333521,30.3,60.8,1679.672048
412,LT,4,MERSIN2016,,3,KUM,LTMERSIN2016KUM3,NA,NA,NA,NA,NA,NA,21.7,65.5,890.5646411,26.8,65.5,1207.559008,29.6,65.6,1416.154616,30,64.4,1499.506342
413,LT,1,MERSIN2019,,3,KUM,LTMERSIN2019KUM3,BM,0,10.92,11,11.8,14.23917209,23.3,59.9,1140.338467,27,66.7,1179.277179,28.9,62.6,1478.926321,30,61.7,1613.232947
414,LT,1,SAKARYA2019,,3,KUM,LTSAKARYA2019KUM3,BM,0,9.47,0,17,13.05664452,20,62.5,872.2403524,23.7,68.7,911.725847,23.5,67,949.7790587,23.9,69.1,910.9231481
415,LT,1,ADANA2015,,3,P1921,LTADANA2015P19213,AM,PIONEER,12.6,13.9,14.6,15.38987442,22.5,64.8,953.8388868,25,69.6,956.9160889,28.4,69.8,1160.224222,30,63.4,1541.627307
416,LT,2,ADANA2016,,3,P1921,LTADANA2016P19213,AM,PIONEER,14.7,12,15.7,18.11469767,21.6,69.3,787.6619206,27.1,66.1,1207.562683,29.5,67.5,1330.284186,29.9,69,1298.303609
417,LT,2,ADANA2017,,3,P1921,LTADANA2017P19213,AM,PIONEER,11.92,14,15.2,14.44022857,21.8,68.8,810.2961797,26.2,69.1,1044.129697,30.4,64.4,1534.139224,29.9,67.5,1361.124752
418,LT,2,ADANA2018,,3,P1921,LTADANA2018P19213,AM,PIONEER,14.02,14,19.9,16.04288571,24.4,62.8,1129.899614,26.4,70.2,1018.867484,29.1,69.8,1208.049497,29.6,68.8,1284.419303
419,LT,3,ADANA2019,,3,P1921,LTADANA2019P19213,NA,NA,NA,NA,NA,NA,24.1,57.6,1264.982487,27.1,68.7,1114.947256,28.4,68.8,1198.642242,29.6,68,1317.353131
420,LT,3,AYVALIK2015,,3,P1921,LTAYVALIK2015P19213,AM,PIONEER,16.2,19.5,19.1,17.52519767,21,57.8,1043.762803,23.7,58.8,1200.099198,27.3,50.2,1794.775957,28.4,53.7,1778.754353
421,LT,3,AYVALIK2017,,3,P1921,LTAYVALIK2017P19213,AM,PIONEER,18.55,14.7,19.7,21.10629477,20.4,59.4,967.8977476,25.1,58.5,1314.090861,27.7,49.7,1855.529395,28,49.9,1880.645094
422,LT,4,AYVALIK2018,,3,P1921,LTAYVALIK2018P19213,AM,0,14.45,16.2,20.9,15.91079419,22.5,59,1111.005522,25.2,58.2,1331.461611,28.2,56.9,1636.752826,28.5,53.2,1808.392047
423,LT,4,AYVALIK2019,,3,P1921,LTAYVALIK2019P19213,NA,NA,NA,NA,NA,NA,20.1,65.4,809.7645226,26.4,56.9,1473.596931,26.6,52.4,1646.6684,28.1,48.4,1948.220556
424,LT,4,MANISA2015,,3,P1921,LTMANISA2015P19213,AM,PIONEER,15,13.2,16.3,18.10255814,21.6,51.7,1239.220546,23.7,58.4,1211.750646,28.8,42.8,2248.882322,28.6,49.8,1951.013707
425,LT,1,MANISA2016,,3,P1921,LTMANISA2016P19213,AM,PIONEER,15.45,9.3,12.5,20.36795058,19.7,58,958.9777322,26.9,47.6,1844.857003,29,42.8,2274.957698,28.8,49.1,2001.190738
426,LT,1,MANISA2017,,3,P1921,LTMANISA2017P19213,AM,PIONEER,14.85,9.5,12.1,19.62309095,20.8,54.1,1121.454446,25.7,52.3,1565.008969,28.9,43.2,2246.069921,28.5,47.2,2040.237181
427,LT,1,MANISA2018,,3,P1921,LTMANISA2018P19213,AM,0,12.95,11.1,14.9,16.27438547,22.9,54.7,1257.549619,25.3,54.8,1448.317966,28.5,49.2,1962.95547,29,49.5,2008.48538
428,LT,2,MANISA2019,,3,P1921,LTMANISA2019P19213,NA,NA,NA,NA,NA,NA,21.4,51.9,1219.131868,26.7,51.7,1680.708219,27.7,45.9,1995.708554,29.1,43.6,2256.092437
429,LT,2,MERSIN2015,,3,P1921,LTMERSIN2015P19213,AM,PIONEER,11.9,11.9,17.2,14.41971628,22.7,62.2,1036.753392,25.4,66.6,1076.572083,28.6,67.7,1255.333521,30.3,60.8,1679.672048
430,LT,2,MERSIN2016,,3,P1921,LTMERSIN2016P19213,AM,PIONEER,14.79,13.9,15.7,17.83209663,21.7,65.5,890.5646411,26.8,65.5,1207.559008,29.6,65.6,1416.154616,30,64.4,1499.506342
431,LT,3,MERSIN2019,,3,P1921,LTMERSIN2019P19213,NA,NA,NA,NA,NA,NA,23.3,59.9,1140.338467,27,66.7,1179.277179,28.9,62.6,1478.926321,30,61.7,1613.232947
432,LT,3,SAKARYA2019,,3,P1921,LTSAKARYA2019P19213,NA,NA,NA,NA,NA,NA,20,62.5,872.2403524,23.7,68.7,911.725847,23.5,67,949.7790587,23.9,69.1,910.9231481
433,LT,3,ADANA2015,,4,ALBAYRAK,LTADANA2015ALBAYRAK4,AM,0,12.6,16.4,14.1,15.03050233,22.5,64.8,953.8388868,25,69.6,956.9160889,28.4,69.8,1160.224222,30,63.4,1541.627307
434,LT,4,ADANA2016,,4,ALBAYRAK,LTADANA2016ALBAYRAK4,AM,0,12.48,13,18.1,14.77138605,21.6,69.3,787.6619206,27.1,66.1,1207.562683,29.5,67.5,1330.284186,29.9,69,1298.303609
435,LT,4,ADANA2017,,4,ALBAYRAK,LTADANA2017ALBAYRAK4,AM,OS-TAREKS,10.52,13,20.3,12.11704784,21.8,68.8,810.2961797,26.2,69.1,1044.129697,30.4,64.4,1534.139224,29.9,67.5,1361.124752
436,LT,4,ADANA2018,,4,ALBAYRAK,LTADANA2018ALBAYRAK4,AM,OS-TAREKS,13.1,12,20,15.31960133,24.4,62.8,1129.899614,26.4,70.2,1018.867484,29.1,69.8,1208.049497,29.6,68.8,1284.419303
437,LT,1,ADANA2019,,4,ALBAYRAK,LTADANA2019ALBAYRAK4,AM,OS-TAREKS,6.48,16,12.6,7.902586047,24.1,57.6,1264.982487,27.1,68.7,1114.947256,28.4,68.8,1198.642242,29.6,68,1317.353131
438,LT,1,AYVALIK2015,,4,ALBAYRAK,LTAYVALIK2015ALBAYRAK4,AM,0,16.2,13.6,17.9,19.08865914,21,57.8,1043.762803,23.7,58.8,1200.099198,27.3,50.2,1794.775957,28.4,53.7,1778.754353
439,LT,1,AYVALIK2017,,4,ALBAYRAK,LTAYVALIK2017ALBAYRAK4,AM,OS-TAREKS,16.6,15.5,25.5,17.35899502,20.4,59.4,967.8977476,25.1,58.5,1314.090861,27.7,49.7,1855.529395,28,49.9,1880.645094
440,LT,1,AYVALIK2018,,4,ALBAYRAK,LTAYVALIK2018ALBAYRAK4,AM,0,15.25,15.7,24.3,16.1657853,22.5,59,1111.005522,25.2,58.2,1331.461611,28.2,56.9,1636.752826,28.5,53.2,1808.392047
441,LT,1,AYVALIK2019,,4,ALBAYRAK,LTAYVALIK2019ALBAYRAK4,AM,OS-TAREKS,12.55,14.3,27.4,12.97073771,20.1,65.4,809.7645226,26.4,56.9,1473.596931,26.6,52.4,1646.6684,28.1,48.4,1948.220556
442,LT,1,MANISA2015,,4,ALBAYRAK,LTMANISA2015ALBAYRAK4,AM,0,15.2,11.8,15.7,18.77341395,21.6,51.7,1239.220546,23.7,58.4,1211.750646,28.8,42.8,2248.882322,28.6,49.8,1951.013707
443,LT,1,MANISA2016,,4,ALBAYRAK,LTMANISA2016ALBAYRAK4,AM,0,13.3,6,12.7,18.12997674,19.7,58,958.9777322,26.9,47.6,1844.857003,29,42.8,2274.957698,28.8,49.1,2001.190738
444,LT,1,MANISA2017,,4,ALBAYRAK,LTMANISA2017ALBAYRAK4,AM,OS-TAREKS,13.7,9.3,11.7,18.2260294,20.8,54.1,1121.454446,25.7,52.3,1565.008969,28.9,43.2,2246.069921,28.5,47.2,2040.237181
445,LT,2,MANISA2018,,4,ALBAYRAK,LTMANISA2018ALBAYRAK4,AM,0,13.8,10.1,13.9,17.74375116,22.9,54.7,1257.549619,25.3,54.8,1448.317966,28.5,49.2,1962.95547,29,49.5,2008.48538
446,LT,2,MANISA2019,,4,ALBAYRAK,LTMANISA2019ALBAYRAK4,AM,OS-TAREKS,13.25,10.3,16.2,16.54458389,21.4,51.9,1219.131868,26.7,51.7,1680.708219,27.7,45.9,1995.708554,29.1,43.6,2256.092437
447,LT,2,MERSIN2015,,4,ALBAYRAK,LTMERSIN2015ALBAYRAK4,AM,0,10.6,11,16.6,13.06969435,22.7,62.2,1036.753392,25.4,66.6,1076.572083,28.6,67.7,1255.333521,30.3,60.8,1679.672048
448,LT,2,MERSIN2016,,4,ALBAYRAK,LTMERSIN2016ALBAYRAK4,AM,0,15.88,13,16.9,19.07103588,21.7,65.5,890.5646411,26.8,65.5,1207.559008,29.6,65.6,1416.154616,30,64.4,1499.506342
449,LT,2,MERSIN2019,,4,ALBAYRAK,LTMERSIN2019ALBAYRAK4,AM,OS-TAREKS,12.98,10,16,16.30046512,23.3,59.9,1140.338467,27,66.7,1179.277179,28.9,62.6,1478.926321,30,61.7,1613.232947
450,LT,2,SAKARYA2019,,4,ALBAYRAK,LTSAKARYA2019ALBAYRAK4,AM,OS-TAREKS,11.45,0,19.1,15.38712625,20,62.5,872.2403524,23.7,68.7,911.725847,23.5,67,949.7790587,23.9,69.1,910.9231481
451,LT,2,ADANA2015,,4,DKC6589,LTADANA2015DKC65894,BM,DEKALB,10.2,14.4,15.5,12.25558804,22.5,64.8,953.8388868,25,69.6,956.9160889,28.4,69.8,1160.224222,30,63.4,1541.627307
452,LT,2,ADANA2016,,4,DKC6589,LTADANA2016DKC65894,BM,DEKALB,12.903,14,15.7,15.53889857,21.6,69.3,787.6619206,27.1,66.1,1207.562683,29.5,67.5,1330.284186,29.9,69,1298.303609
453,LT,3,ADANA2017,,4,DKC6589,LTADANA2017DKC65894,BM,DEKALB,11.99,14,15.4,14.49077143,21.8,68.8,810.2961797,26.2,69.1,1044.129697,30.4,64.4,1534.139224,29.9,67.5,1361.124752
454,LT,3,ADANA2018,,4,DKC6589,LTADANA2018DKC65894,NA,NA,NA,NA,NA,NA,24.4,62.8,1129.899614,26.4,70.2,1018.867484,29.1,69.8,1208.049497,29.6,68.8,1284.419303
455,LT,3,ADANA2019,,4,DKC6589,LTADANA2019DKC65894,NA,NA,NA,NA,NA,NA,24.1,57.6,1264.982487,27.1,68.7,1114.947256,28.4,68.8,1198.642242,29.6,68,1317.353131
456,LT,3,AYVALIK2015,,4,DKC6589,LTAYVALIK2015DKC65894,BM,DEKALB,10.85,17,20.2,11.93752326,21,57.8,1043.762803,23.7,58.8,1200.099198,27.3,50.2,1794.775957,28.4,53.7,1778.754353
457,LT,3,AYVALIK2017,,4,DKC6589,LTAYVALIK2017DKC65894,BM,DEKALB,16.75,14.7,20.8,18.79717276,20.4,59.4,967.8977476,25.1,58.5,1314.090861,27.7,49.7,1855.529395,28,49.9,1880.645094
458,LT,3,AYVALIK2018,,4,DKC6589,LTAYVALIK2018DKC65894,NA,NA,NA,NA,NA,NA,22.5,59,1111.005522,25.2,58.2,1331.461611,28.2,56.9,1636.752826,28.5,53.2,1808.392047
459,LT,3,AYVALIK2019,,4,DKC6589,LTAYVALIK2019DKC65894,NA,NA,NA,NA,NA,NA,20.1,65.4,809.7645226,26.4,56.9,1473.596931,26.6,52.4,1646.6684,28.1,48.4,1948.220556
460,LT,3,MANISA2015,,4,DKC6589,LTMANISA2015DKC65894,BM,DEKALB,15.7,13,16.7,18.90024419,21.6,51.7,1239.220546,23.7,58.4,1211.750646,28.8,42.8,2248.882322,28.6,49.8,1951.013707
461,LT,4,MANISA2016,,4,DKC6589,LTMANISA2016DKC65894,BM,DEKALB,13.9,10.6,12,18.16512957,19.7,58,958.9777322,26.9,47.6,1844.857003,29,42.8,2274.957698,28.8,49.1,2001.190738
462,LT,4,MANISA2017,,4,DKC6589,LTMANISA2017DKC65894,BM,DEKALB,13.85,11.4,11.1,18.12127558,20.8,54.1,1121.454446,25.7,52.3,1565.008969,28.9,43.2,2246.069921,28.5,47.2,2040.237181
463,LT,4,MANISA2018,,4,DKC6589,LTMANISA2018DKC65894,NA,NA,NA,NA,NA,NA,22.9,54.7,1257.549619,25.3,54.8,1448.317966,28.5,49.2,1962.95547,29,49.5,2008.48538
464,LT,4,MANISA2019,,4,DKC6589,LTMANISA2019DKC65894,NA,NA,NA,NA,NA,NA,21.4,51.9,1219.131868,26.7,51.7,1680.708219,27.7,45.9,1995.708554,29.1,43.6,2256.092437
465,LT,4,MERSIN2015,,4,DKC6589,LTMERSIN2015DKC65894,BM,DEKALB,13.4,12.2,17.5,16.12340532,22.7,62.2,1036.753392,25.4,66.6,1076.572083,28.6,67.7,1255.333521,30.3,60.8,1679.672048
466,LT,4,MERSIN2016,,4,DKC6589,LTMERSIN2016DKC65894,BM,DEKALB,13.97,15,17.2,16.33236877,21.7,65.5,890.5646411,26.8,65.5,1207.559008,29.6,65.6,1416.154616,30,64.4,1499.506342
467,LT,4,MERSIN2019,,4,DKC6589,LTMERSIN2019DKC65894,NA,NA,NA,NA,NA,NA,23.3,59.9,1140.338467,27,66.7,1179.277179,28.9,62.6,1478.926321,30,61.7,1613.232947
468,LT,4,SAKARYA2019,,4,DKC6589,LTSAKARYA2019DKC65894,NA,NA,NA,NA,NA,NA,20,62.5,872.2403524,23.7,68.7,911.725847,23.5,67,949.7790587,23.9,69.1,910.9231481
469,LT,1,ADANA2015,,4,H22,LTADANA2015H224,NA,NA,NA,NA,NA,NA,22.5,64.8,953.8388868,25,69.6,956.9160889,28.4,69.8,1160.224222,30,63.4,1541.627307
470,LT,1,ADANA2016,,4,H22,LTADANA2016H224,AM,0,12.707,10,13.3,16.47055166,21.6,69.3,787.6619206,27.1,66.1,1207.562683,29.5,67.5,1330.284186,29.9,69,1298.303609
471,LT,1,ADANA2017,,4,H22,LTADANA2017H224,NA,NA,NA,NA,NA,NA,21.8,68.8,810.2961797,26.2,69.1,1044.129697,30.4,64.4,1534.139224,29.9,67.5,1361.124752
472,LT,1,ADANA2018,,4,H22,LTADANA2018H224,AM,0,14.35,12,19.6,16.86530233,24.4,62.8,1129.899614,26.4,70.2,1018.867484,29.1,69.8,1208.049497,29.6,68.8,1284.419303
473,LT,1,ADANA2019,,4,H22,LTADANA2019H224,NA,NA,NA,NA,NA,NA,24.1,57.6,1264.982487,27.1,68.7,1114.947256,28.4,68.8,1198.642242,29.6,68,1317.353131
474,LT,1,AYVALIK2015,,4,H22,LTAYVALIK2015H224,NA,NA,NA,NA,NA,NA,21,57.8,1043.762803,23.7,58.8,1200.099198,27.3,50.2,1794.775957,28.4,53.7,1778.754353
475,LT,1,AYVALIK2017,,4,H22,LTAYVALIK2017H224,NA,NA,NA,NA,NA,NA,20.4,59.4,967.8977476,25.1,58.5,1314.090861,27.7,49.7,1855.529395,28,49.9,1880.645094
476,LT,1,AYVALIK2018,,4,H22,LTAYVALIK2018H224,AM,0,14.9,13.2,22.1,16.7358186,22.5,59,1111.005522,25.2,58.2,1331.461611,28.2,56.9,1636.752826,28.5,53.2,1808.392047
477,LT,2,AYVALIK2019,,4,H22,LTAYVALIK2019H224,NA,NA,NA,NA,NA,NA,20.1,65.4,809.7645226,26.4,56.9,1473.596931,26.6,52.4,1646.6684,28.1,48.4,1948.220556
478,LT,2,MANISA2015,,4,H22,LTMANISA2015H224,NA,NA,NA,NA,NA,NA,21.6,51.7,1239.220546,23.7,58.4,1211.750646,28.8,42.8,2248.882322,28.6,49.8,1951.013707
479,LT,2,MANISA2016,,4,H22,LTMANISA2016H224,AM,0,12.65,7.2,11.4,17.27729435,19.7,58,958.9777322,26.9,47.6,1844.857003,29,42.8,2274.957698,28.8,49.1,2001.190738
480,LT,2,MANISA2017,,4,H22,LTMANISA2017H224,NA,NA,NA,NA,NA,NA,20.8,54.1,1121.454446,25.7,52.3,1565.008969,28.9,43.2,2246.069921,28.5,47.2,2040.237181
481,LT,2,MANISA2018,,4,H22,LTMANISA2018H224,AM,0,11.6,11.1,13.8,14.76626047,22.9,54.7,1257.549619,25.3,54.8,1448.317966,28.5,49.2,1962.95547,29,49.5,2008.48538
482,LT,2,MANISA2019,,4,H22,LTMANISA2019H224,NA,NA,NA,NA,NA,NA,21.4,51.9,1219.131868,26.7,51.7,1680.708219,27.7,45.9,1995.708554,29.1,43.6,2256.092437
483,LT,2,MERSIN2015,,4,H22,LTMERSIN2015H224,NA,NA,NA,NA,NA,NA,22.7,62.2,1036.753392,25.4,66.6,1076.572083,28.6,67.7,1255.333521,30.3,60.8,1679.672048
484,LT,2,MERSIN2016,,4,H22,LTMERSIN2016H224,AM,0,14.3,12,16.1,17.53816611,21.7,65.5,890.5646411,26.8,65.5,1207.559008,29.6,65.6,1416.154616,30,64.4,1499.506342
485,LT,3,MERSIN2019,,4,H22,LTMERSIN2019H224,NA,NA,NA,NA,NA,NA,23.3,59.9,1140.338467,27,66.7,1179.277179,28.9,62.6,1478.926321,30,61.7,1613.232947
486,LT,3,SAKARYA2019,,4,H22,LTSAKARYA2019H224,NA,NA,NA,NA,NA,NA,20,62.5,872.2403524,23.7,68.7,911.725847,23.5,67,949.7790587,23.9,69.1,910.9231481
487,LT,3,ADANA2015,,4,H3,LTADANA2015H34,BM,0,13.6,12.2,14.6,16.93927442,22.5,64.8,953.8388868,25,69.6,956.9160889,28.4,69.8,1160.224222,30,63.4,1541.627307
488,LT,3,ADANA2016,,4,H3,LTADANA2016H34,BM,0,9.533,13,14.5,11.77927251,21.6,69.3,787.6619206,27.1,66.1,1207.562683,29.5,67.5,1330.284186,29.9,69,1298.303609
489,LT,3,ADANA2017,,4,H3,LTADANA2017H34,NA,NA,NA,NA,NA,NA,21.8,68.8,810.2961797,26.2,69.1,1044.129697,30.4,64.4,1534.139224,29.9,67.5,1361.124752
490,LT,3,ADANA2018,,4,H3,LTADANA2018H34,NA,NA,NA,NA,NA,NA,24.4,62.8,1129.899614,26.4,70.2,1018.867484,29.1,69.8,1208.049497,29.6,68.8,1284.419303
491,LT,3,ADANA2019,,4,H3,LTADANA2019H34,NA,NA,NA,NA,NA,NA,24.1,57.6,1264.982487,27.1,68.7,1114.947256,28.4,68.8,1198.642242,29.6,68,1317.353131
492,LT,3,AYVALIK2015,,4,H3,LTAYVALIK2015H34,BM,0,17.75,15.3,22.1,19.45461919,21,57.8,1043.762803,23.7,58.8,1200.099198,27.3,50.2,1794.775957,28.4,53.7,1778.754353
493,LT,4,AYVALIK2017,,4,H3,LTAYVALIK2017H34,NA,NA,NA,NA,NA,NA,20.4,59.4,967.8977476,25.1,58.5,1314.090861,27.7,49.7,1855.529395,28,49.9,1880.645094
494,LT,4,AYVALIK2018,,4,H3,LTAYVALIK2018H34,NA,NA,NA,NA,NA,NA,22.5,59,1111.005522,25.2,58.2,1331.461611,28.2,56.9,1636.752826,28.5,53.2,1808.392047
495,LT,4,AYVALIK2019,,4,H3,LTAYVALIK2019H34,NA,NA,NA,NA,NA,NA,20.1,65.4,809.7645226,26.4,56.9,1473.596931,26.6,52.4,1646.6684,28.1,48.4,1948.220556
496,LT,4,MANISA2015,,4,H3,LTMANISA2015H34,BM,0,15.1,13.8,18,17.72970764,21.6,51.7,1239.220546,23.7,58.4,1211.750646,28.8,42.8,2248.882322,28.6,49.8,1951.013707
497,LT,4,MANISA2016,,4,H3,LTMANISA2016H34,BM,0,13.7,7.3,12.6,18.4380608,19.7,58,958.9777322,26.9,47.6,1844.857003,29,42.8,2274.957698,28.8,49.1,2001.190738
498,LT,4,MANISA2017,,4,H3,LTMANISA2017H34,NA,NA,NA,NA,NA,NA,20.8,54.1,1121.454446,25.7,52.3,1565.008969,28.9,43.2,2246.069921,28.5,47.2,2040.237181
499,LT,4,MANISA2018,,4,H3,LTMANISA2018H34,NA,NA,NA,NA,NA,NA,22.9,54.7,1257.549619,25.3,54.8,1448.317966,28.5,49.2,1962.95547,29,49.5,2008.48538
500,LT,4,MANISA2019,,4,H3,LTMANISA2019H34,NA,NA,NA,NA,NA,NA,21.4,51.9,1219.131868,26.7,51.7,1680.708219,27.7,45.9,1995.708554,29.1,43.6,2256.092437
501,LT,1,MERSIN2015,,4,H3,LTMERSIN2015H34,BM,0,12.6,12.2,16.3,15.38133488,22.7,62.2,1036.753392,25.4,66.6,1076.572083,28.6,67.7,1255.333521,30.3,60.8,1679.672048
502,LT,1,MERSIN2016,,4,H3,LTMERSIN2016H34,BM,0,13.89,14,17.8,16.31082857,21.7,65.5,890.5646411,26.8,65.5,1207.559008,29.6,65.6,1416.154616,30,64.4,1499.506342
503,LT,1,MERSIN2019,,4,H3,LTMERSIN2019H34,NA,NA,NA,NA,NA,NA,23.3,59.9,1140.338467,27,66.7,1179.277179,28.9,62.6,1478.926321,30,61.7,1613.232947
504,LT,1,SAKARYA2019,,4,H3,LTSAKARYA2019H34,NA,NA,NA,NA,NA,NA,20,62.5,872.2403524,23.7,68.7,911.725847,23.5,67,949.7790587,23.9,69.1,910.9231481
505,LT,1,ADANA2015,,4,HELEN,LTADANA2015HELEN4,AM,LIMAGRAIN,14.2,16.3,14.7,16.84094053,22.5,64.8,953.8388868,25,69.6,956.9160889,28.4,69.8,1160.224222,30,63.4,1541.627307
506,LT,1,ADANA2016,,4,HELEN,LTADANA2016HELEN4,AM,LIMAGRAIN,10.538,9,15.1,13.52417512,21.6,69.3,787.6619206,27.1,66.1,1207.562683,29.5,67.5,1330.284186,29.9,69,1298.303609
507,LT,1,ADANA2017,,4,HELEN,LTADANA2017HELEN4,AM,LIMAGRAIN,9.59,13,15.5,11.71111047,21.8,68.8,810.2961797,26.2,69.1,1044.129697,30.4,64.4,1534.139224,29.9,67.5,1361.124752
508,LT,1,ADANA2018,,4,HELEN,LTADANA2018HELEN4,NA,NA,NA,NA,NA,NA,24.4,62.8,1129.899614,26.4,70.2,1018.867484,29.1,69.8,1208.049497,29.6,68.8,1284.419303
509,LT,2,ADANA2019,,4,HELEN,LTADANA2019HELEN4,NA,NA,NA,NA,NA,NA,24.1,57.6,1264.982487,27.1,68.7,1114.947256,28.4,68.8,1198.642242,29.6,68,1317.353131
510,LT,2,AYVALIK2015,,4,HELEN,LTAYVALIK2015HELEN4,AM,LIMAGRAIN,20.1,13.8,15,24.46390365,21,57.8,1043.762803,23.7,58.8,1200.099198,27.3,50.2,1794.775957,28.4,53.7,1778.754353
511,LT,2,AYVALIK2017,,4,HELEN,LTAYVALIK2017HELEN4,AM,LIMAGRAIN,17.1,15.3,21.2,18.95873023,20.4,59.4,967.8977476,25.1,58.5,1314.090861,27.7,49.7,1855.529395,28,49.9,1880.645094
512,LT,2,AYVALIK2018,,4,HELEN,LTAYVALIK2018HELEN4,NA,NA,NA,NA,NA,NA,22.5,59,1111.005522,25.2,58.2,1331.461611,28.2,56.9,1636.752826,28.5,53.2,1808.392047
513,LT,2,AYVALIK2019,,4,HELEN,LTAYVALIK2019HELEN4,NA,NA,NA,NA,NA,NA,20.1,65.4,809.7645226,26.4,56.9,1473.596931,26.6,52.4,1646.6684,28.1,48.4,1948.220556
514,LT,2,MANISA2015,,4,HELEN,LTMANISA2015HELEN4,AM,LIMAGRAIN,16.75,13.7,19,19.44975498,21.6,51.7,1239.220546,23.7,58.4,1211.750646,28.8,42.8,2248.882322,28.6,49.8,1951.013707
515,LT,2,MANISA2016,,4,HELEN,LTMANISA2016HELEN4,AM,LIMAGRAIN,13.65,8.6,13.3,17.96807093,19.7,58,958.9777322,26.9,47.6,1844.857003,29,42.8,2274.957698,28.8,49.1,2001.190738
516,LT,2,MANISA2017,,4,HELEN,LTMANISA2017HELEN4,AM,LIMAGRAIN,12.7,8.3,12.8,16.86914419,20.8,54.1,1121.454446,25.7,52.3,1565.008969,28.9,43.2,2246.069921,28.5,47.2,2040.237181
517,LT,3,MANISA2018,,4,HELEN,LTMANISA2018HELEN4,NA,NA,NA,NA,NA,NA,22.9,54.7,1257.549619,25.3,54.8,1448.317966,28.5,49.2,1962.95547,29,49.5,2008.48538
518,LT,3,MANISA2019,,4,HELEN,LTMANISA2019HELEN4,NA,NA,NA,NA,NA,NA,21.4,51.9,1219.131868,26.7,51.7,1680.708219,27.7,45.9,1995.708554,29.1,43.6,2256.092437
519,LT,3,MERSIN2015,,4,HELEN,LTMERSIN2015HELEN4,AM,LIMAGRAIN,12.9,12.5,19.9,15.01875,22.7,62.2,1036.753392,25.4,66.6,1076.572083,28.6,67.7,1255.333521,30.3,60.8,1679.672048
520,LT,3,MERSIN2016,,4,HELEN,LTMERSIN2016HELEN4,AM,LIMAGRAIN,13.364,12,15.6,16.4878905,21.7,65.5,890.5646411,26.8,65.5,1207.559008,29.6,65.6,1416.154616,30,64.4,1499.506342
521,LT,3,MERSIN2019,,4,HELEN,LTMERSIN2019HELEN4,NA,NA,NA,NA,NA,NA,23.3,59.9,1140.338467,27,66.7,1179.277179,28.9,62.6,1478.926321,30,61.7,1613.232947
522,LT,3,SAKARYA2019,,4,HELEN,LTSAKARYA2019HELEN4,NA,NA,NA,NA,NA,NA,20,62.5,872.2403524,23.7,68.7,911.725847,23.5,67,949.7790587,23.9,69.1,910.9231481
523,LT,3,ADANA2015,,4,KALUMET,LTADANA2015KALUMET4,NA,NA,NA,NA,NA,NA,22.5,64.8,953.8388868,25,69.6,956.9160889,28.4,69.8,1160.224222,30,63.4,1541.627307
524,LT,3,ADANA2016,,4,KALUMET,LTADANA2016KALUMET4,AM,KWS,12.086,16,16.2,14.13218791,21.6,69.3,787.6619206,27.1,66.1,1207.562683,29.5,67.5,1330.284186,29.9,69,1298.303609
525,LT,4,ADANA2017,,4,KALUMET,LTADANA2017KALUMET4,AM,KWS,12.25,15,17.6,14.25232558,21.8,68.8,810.2961797,26.2,69.1,1044.129697,30.4,64.4,1534.139224,29.9,67.5,1361.124752
526,LT,4,ADANA2018,,4,KALUMET,LTADANA2018KALUMET4,AM,KWS,13.93,14,20,15.92,24.4,62.8,1129.899614,26.4,70.2,1018.867484,29.1,69.8,1208.049497,29.6,68.8,1284.419303
527,LT,4,ADANA2019,,4,KALUMET,LTADANA2019KALUMET4,AM,KWS,8.21,12,10.7,10.71718671,24.1,57.6,1264.982487,27.1,68.7,1114.947256,28.4,68.8,1198.642242,29.6,68,1317.353131
528,LT,4,AYVALIK2015,,4,KALUMET,LTAYVALIK2015KALUMET4,NA,NA,NA,NA,NA,NA,21,57.8,1043.762803,23.7,58.8,1200.099198,27.3,50.2,1794.775957,28.4,53.7,1778.754353
529,LT,4,AYVALIK2017,,4,KALUMET,LTAYVALIK2017KALUMET4,AM,KWS,17.85,18.9,22.5,18.63649709,20.4,59.4,967.8977476,25.1,58.5,1314.090861,27.7,49.7,1855.529395,28,49.9,1880.645094
530,LT,4,AYVALIK2018,,4,KALUMET,LTAYVALIK2018KALUMET4,AM,0,18.25,19.1,26.1,18.12422051,22.5,59,1111.005522,25.2,58.2,1331.461611,28.2,56.9,1636.752826,28.5,53.2,1808.392047
531,LT,4,AYVALIK2019,,4,KALUMET,LTAYVALIK2019KALUMET4,AM,KWS,10.45,17.7,27.2,10.40042326,20.1,65.4,809.7645226,26.4,56.9,1473.596931,26.6,52.4,1646.6684,28.1,48.4,1948.220556
532,LT,4,MANISA2015,,4,KALUMET,LTMANISA2015KALUMET4,NA,NA,NA,NA,NA,NA,21.6,51.7,1239.220546,23.7,58.4,1211.750646,28.8,42.8,2248.882322,28.6,49.8,1951.013707
533,LT,1,MANISA2016,,4,KALUMET,LTMANISA2016KALUMET4,AM,KWS,15.4,12.5,13,19.47383721,19.7,58,958.9777322,26.9,47.6,1844.857003,29,42.8,2274.957698,28.8,49.1,2001.190738
534,LT,1,MANISA2017,,4,KALUMET,LTMANISA2017KALUMET4,AM,KWS,14.25,13.4,13.4,17.75228073,20.8,54.1,1121.454446,25.7,52.3,1565.008969,28.9,43.2,2246.069921,28.5,47.2,2040.237181
535,LT,1,MANISA2018,,4,KALUMET,LTMANISA2018KALUMET4,AM,0,13.05,14.1,16.2,15.60454834,22.9,54.7,1257.549619,25.3,54.8,1448.317966,28.5,49.2,1962.95547,29,49.5,2008.48538
536,LT,1,MANISA2019,,4,KALUMET,LTMANISA2019KALUMET4,AM,KWS,14.95,10,15.3,18.93087209,21.4,51.9,1219.131868,26.7,51.7,1680.708219,27.7,45.9,1995.708554,29.1,43.6,2256.092437
537,LT,1,MERSIN2015,,4,KALUMET,LTMERSIN2015KALUMET4,NA,NA,NA,NA,NA,NA,22.7,62.2,1036.753392,25.4,66.6,1076.572083,28.6,67.7,1255.333521,30.3,60.8,1679.672048
538,LT,1,MERSIN2016,,4,KALUMET,LTMERSIN2016KALUMET4,AM,KWS,17.1,16,19,19.32697674,21.7,65.5,890.5646411,26.8,65.5,1207.559008,29.6,65.6,1416.154616,30,64.4,1499.506342
539,LT,1,MERSIN2019,,4,KALUMET,LTMERSIN2019KALUMET4,AM,KWS,12.17,14,14,14.95171429,23.3,59.9,1140.338467,27,66.7,1179.277179,28.9,62.6,1478.926321,30,61.7,1613.232947
540,LT,1,SAKARYA2019,,4,KALUMET,LTSAKARYA2019KALUMET4,AM,KWS,13.03,0,20.9,17.12081395,20,62.5,872.2403524,23.7,68.7,911.725847,23.5,67,949.7790587,23.9,69.1,910.9231481
541,LT,2,ADANA2015,,4,KUM,LTADANA2015KUM4,NA,NA,NA,NA,NA,NA,22.5,64.8,953.8388868,25,69.6,956.9160889,28.4,69.8,1160.224222,30,63.4,1541.627307
542,LT,2,ADANA2016,,4,KUM,LTADANA2016KUM4,NA,NA,NA,NA,NA,NA,21.6,69.3,787.6619206,27.1,66.1,1207.562683,29.5,67.5,1330.284186,29.9,69,1298.303609
543,LT,2,ADANA2017,,4,KUM,LTADANA2017KUM4,BM,0,9.44,15,15.6,11.24959468,21.8,68.8,810.2961797,26.2,69.1,1044.129697,30.4,64.4,1534.139224,29.9,67.5,1361.124752
544,LT,2,ADANA2018,,4,KUM,LTADANA2018KUM4,NA,NA,NA,NA,NA,NA,24.4,62.8,1129.899614,26.4,70.2,1018.867484,29.1,69.8,1208.049497,29.6,68.8,1284.419303
545,LT,2,ADANA2019,,4,KUM,LTADANA2019KUM4,BM,0,7.42,13,13.2,9.307786047,24.1,57.6,1264.982487,27.1,68.7,1114.947256,28.4,68.8,1198.642242,29.6,68,1317.353131
546,LT,2,AYVALIK2015,,4,KUM,LTAYVALIK2015KUM4,NA,NA,NA,NA,NA,NA,21,57.8,1043.762803,23.7,58.8,1200.099198,27.3,50.2,1794.775957,28.4,53.7,1778.754353
547,LT,2,AYVALIK2017,,4,KUM,LTAYVALIK2017KUM4,BM,0,16.95,16.3,21.5,18.49985507,20.4,59.4,967.8977476,25.1,58.5,1314.090861,27.7,49.7,1855.529395,28,49.9,1880.645094
548,LT,2,AYVALIK2018,,4,KUM,LTAYVALIK2018KUM4,BM,0,14.7,17.3,22.6,15.6303,22.5,59,1111.005522,25.2,58.2,1331.461611,28.2,56.9,1636.752826,28.5,53.2,1808.392047
549,LT,3,AYVALIK2019,,4,KUM,LTAYVALIK2019KUM4,BM,0,10.05,14.9,18.1,11.63544593,20.1,65.4,809.7645226,26.4,56.9,1473.596931,26.6,52.4,1646.6684,28.1,48.4,1948.220556
550,LT,3,MANISA2015,,4,KUM,LTMANISA2015KUM4,NA,NA,NA,NA,NA,NA,21.6,51.7,1239.220546,23.7,58.4,1211.750646,28.8,42.8,2248.882322,28.6,49.8,1951.013707
551,LT,3,MANISA2016,,4,KUM,LTMANISA2016KUM4,NA,NA,NA,NA,NA,NA,19.7,58,958.9777322,26.9,47.6,1844.857003,29,42.8,2274.957698,28.8,49.1,2001.190738
552,LT,3,MANISA2017,,4,KUM,LTMANISA2017KUM4,BM,0,14.15,13.4,13.7,17.56663738,20.8,54.1,1121.454446,25.7,52.3,1565.008969,28.9,43.2,2246.069921,28.5,47.2,2040.237181
553,LT,3,MANISA2018,,4,KUM,LTMANISA2018KUM4,BM,0,14,15.2,16.7,16.42753488,22.9,54.7,1257.549619,25.3,54.8,1448.317966,28.5,49.2,1962.95547,29,49.5,2008.48538
554,LT,3,MANISA2019,,4,KUM,LTMANISA2019KUM4,BM,0,12.25,9.4,13.6,15.92874419,21.4,51.9,1219.131868,26.7,51.7,1680.708219,27.7,45.9,1995.708554,29.1,43.6,2256.092437
555,LT,3,MERSIN2015,,4,KUM,LTMERSIN2015KUM4,NA,NA,NA,NA,NA,NA,22.7,62.2,1036.753392,25.4,66.6,1076.572083,28.6,67.7,1255.333521,30.3,60.8,1679.672048
556,LT,3,MERSIN2016,,4,KUM,LTMERSIN2016KUM4,NA,NA,NA,NA,NA,NA,21.7,65.5,890.5646411,26.8,65.5,1207.559008,29.6,65.6,1416.154616,30,64.4,1499.506342
557,LT,4,MERSIN2019,,4,KUM,LTMERSIN2019KUM4,BM,0,10.25,13,14.4,12.68003322,23.3,59.9,1140.338467,27,66.7,1179.277179,28.9,62.6,1478.926321,30,61.7,1613.232947
558,LT,4,SAKARYA2019,,4,KUM,LTSAKARYA2019KUM4,BM,0,9.74,0,16.9,13.44508306,20,62.5,872.2403524,23.7,68.7,911.725847,23.5,67,949.7790587,23.9,69.1,910.9231481
559,LT,4,ADANA2015,,4,P1921,LTADANA2015P19214,AM,PIONEER,13.8,10.9,14.8,17.40202924,22.5,64.8,953.8388868,25,69.6,956.9160889,28.4,69.8,1160.224222,30,63.4,1541.627307
560,LT,4,ADANA2016,,4,P1921,LTADANA2016P19214,AM,PIONEER,12.607,12,16.9,15.31436372,21.6,69.3,787.6619206,27.1,66.1,1207.562683,29.5,67.5,1330.284186,29.9,69,1298.303609
561,LT,4,ADANA2017,,4,P1921,LTADANA2017P19214,AM,PIONEER,10.99,10,16.8,13.66995349,21.8,68.8,810.2961797,26.2,69.1,1044.129697,30.4,64.4,1534.139224,29.9,67.5,1361.124752
562,LT,4,ADANA2018,,4,P1921,LTADANA2018P19214,AM,PIONEER,15.83,13,20,18.30179402,24.4,62.8,1129.899614,26.4,70.2,1018.867484,29.1,69.8,1208.049497,29.6,68.8,1284.419303
563,LT,4,ADANA2019,,4,P1921,LTADANA2019P19214,NA,NA,NA,NA,NA,NA,24.1,57.6,1264.982487,27.1,68.7,1114.947256,28.4,68.8,1198.642242,29.6,68,1317.353131
564,LT,4,AYVALIK2015,,4,P1921,LTAYVALIK2015P19214,AM,PIONEER,16.85,15,19.4,19.17597176,21,57.8,1043.762803,23.7,58.8,1200.099198,27.3,50.2,1794.775957,28.4,53.7,1778.754353
565,LT,1,AYVALIK2017,,4,P1921,LTAYVALIK2017P19214,AM,PIONEER,13.35,15.5,21.4,14.72868688,20.4,59.4,967.8977476,25.1,58.5,1314.090861,27.7,49.7,1855.529395,28,49.9,1880.645094
566,LT,1,AYVALIK2018,,4,P1921,LTAYVALIK2018P19214,AM,0,15.15,16.9,21.3,16.45856238,22.5,59,1111.005522,25.2,58.2,1331.461611,28.2,56.9,1636.752826,28.5,53.2,1808.392047
567,LT,1,AYVALIK2019,,4,P1921,LTAYVALIK2019P19214,NA,NA,NA,NA,NA,NA,20.1,65.4,809.7645226,26.4,56.9,1473.596931,26.6,52.4,1646.6684,28.1,48.4,1948.220556
568,LT,1,MANISA2015,,4,P1921,LTMANISA2015P19214,AM,PIONEER,14.7,10.5,15.6,18.44532558,21.6,51.7,1239.220546,23.7,58.4,1211.750646,28.8,42.8,2248.882322,28.6,49.8,1951.013707
569,LT,1,MANISA2016,,4,P1921,LTMANISA2016P19214,AM,PIONEER,13.75,9.3,12.2,18.18896595,19.7,58,958.9777322,26.9,47.6,1844.857003,29,42.8,2274.957698,28.8,49.1,2001.190738
570,LT,1,MANISA2017,,4,P1921,LTMANISA2017P19214,AM,PIONEER,14.7,9.2,12.2,19.46709767,20.8,54.1,1121.454446,25.7,52.3,1565.008969,28.9,43.2,2246.069921,28.5,47.2,2040.237181
571,LT,1,MANISA2018,,4,P1921,LTMANISA2018P19214,AM,0,10.75,10.6,13.1,13.87296429,22.9,54.7,1257.549619,25.3,54.8,1448.317966,28.5,49.2,1962.95547,29,49.5,2008.48538
572,LT,1,MANISA2019,,4,P1921,LTMANISA2019P19214,NA,NA,NA,NA,NA,NA,21.4,51.9,1219.131868,26.7,51.7,1680.708219,27.7,45.9,1995.708554,29.1,43.6,2256.092437
573,LT,2,MERSIN2015,,4,P1921,LTMERSIN2015P19214,AM,PIONEER,14,10.9,16.6,17.28125581,22.7,62.2,1036.753392,25.4,66.6,1076.572083,28.6,67.7,1255.333521,30.3,60.8,1679.672048
574,LT,2,MERSIN2016,,4,P1921,LTMERSIN2016P19214,AM,PIONEER,15.98,13,16.4,19.30660066,21.7,65.5,890.5646411,26.8,65.5,1207.559008,29.6,65.6,1416.154616,30,64.4,1499.506342
575,LT,2,MERSIN2019,,4,P1921,LTMERSIN2019P19214,NA,NA,NA,NA,NA,NA,23.3,59.9,1140.338467,27,66.7,1179.277179,28.9,62.6,1478.926321,30,61.7,1613.232947
576,LT,2,SAKARYA2019,,4,P1921,LTSAKARYA2019P19214,NA,NA,NA,NA,NA,NA,20,62.5,872.2403524,23.7,68.7,911.725847,23.5,67,949.7790587,23.9,69.1,910.9231481
